Abbreviated Name,Full Name
EQUITABLEACC,
BBT,
JHNSN CY FCU,
SECURITY FIN,
CROWN DIA,
FST PREMIER,
VERIZON,
DVRA BILLING,
WEBBNKFSTR,
SANTANDER,
DPT EDNAVI,
SYNCBCHEVRO,
KIA US,
CHASE,
USAA SVG BK,
DISCOVERBANK,
NAVY FCU,
WEBBNKFHUT,
ARRONRNTS,
CCBDVDSBR,
HC ROYA,
PEARLHRB FCU,
CNAC  FL118,
CHILDSUPPORT,
SYNCBJCP,
FLORIDASTACU,
HSBCTAX,
USA FUNDS,
FEDLOAN,
NAVIENT,
NELNET,
AESBARCLAY,
GM FINANCIAL,
XLSSLX,
WF EFS,
SALLIE MAE,
AZPUBSERVCO,
MEDICAL,
FIRSTEDCOMCU,
US DEP ED,
LOAN STAR SL,
TIDE FINANCE,
CAP1FRNRW,
CAPITAL ONE,
JB ROBINSON,
SYNCBABCWH,
BRCLYSBANKDE,
BBYCBNA,
TARGETTD,
SYNCBWLMRTD,
SEARSCBNA,
SYNCBWALMAR,
THDCBNA,
US BK HM MTG,
SYNCBAMAZON,
SYNCBNAPAEP,
MSU FED CU,
GMFINANCIAL,
DFCU FINANCL,
SYNCBDSCTIR,
SYNCBCARECR,
SYNCBARTVAN,
CBMEIJER,
CBYOUN,
CBLNBRYNT,
SAGELNKCU,
ALLY FINCL,
CAP1BSTBY,
CBFSHBUG,
CRDT FIRST,
TARGET NB,
KAY JEWELERS,
USDOEGLELSI,
SYNCBWHITEH,
GRDNCBNA,
CBTORRID,
AM HONDA FIN,
BK OF AMER,
DEPTEDNELNET,
CREDITACPT,
WELLS FARGO,
UNIV IL EFCU,
SYNCBOLDNAV,
SYNCBNAUTLS,
SYNCBLOW,
SYNCBMEGAGR,
SYNCBGAPDC,
NISSAN MOTOR,
ASCEND FCU,
SYNCBELECEX,
TOYOTA MTR,
SYNCBBELK,
CBPEEBLES,
PRFRD CUS AC,
KOHLSCHASE,
CBBUCKLE,
CHASE MORT,
COMPASS BK,
BENFCLHFC,
WFFINANCIAL,
CBAF,
CBMAURCS,
SPRINGLF FIN,
TINKER FCU,
AVANT,
ENTERGY MS,
ACEPTANCENOW,
MSDHSMETSS,
SYNCBONDC,
FRNKAMRMTGCO,
POTLATCH 1,
CBVICSCRT,
CCBBLUENL,
CHASE AUTO,
LOANCARE INC,
CCBGAMESTOP,
FRD MOTOR CR,
DISCOVER FIN,
STRLNG SV BK,
DITECH,
CAP ONE AUTO,
SYNCBHDHIPJ,
KIA MTR FIN,
GLBAL SRVCS,
DRIVE TIME,
OAG CHILD SU,
CREDITONEBNK,
SEFCU,
FIVE STAR BK,
FIRST INVEST,
NELNET LNS,
SALUTE,
MEMORIAL CU,
1ST NB TX,
BRAZOS HESC,
UNIT CON FIN,
SYNCBHHGREG,
GECU MC,
HOMEPRJVISA,
UNION SAVING,
ONEMAIN FI,
DSNB MACYS,
HEIGHTS FIN,
SOUTHERN CU,
CENTERPOINT,
TRIBUTE,
CONNS,
SCHEWEL FURN,
MEMONE,
WFDSWDS,
CBFRDMNS,
SYNCBTOYS,
CBNYCO,
CHRYSLERCAP,
CBEXPRESS,
MB FIN SVCS,
SYNCBSMRTCN,
PUBLIX EFCU,
VYSTAR CU,
CITI,
MABT RETAIL,
PRESTIGE FNL,
MID AM BT C,
GOLDEN 1 CU,
SYNCBLUXURY,
CAP1SONY,
SCHOOLS FIN,
COMMERCE BK,
WFHM,
SYNCBRMSTGO,
CITISHELL,
LENDING CLUB,
SYNCBJWLCUS,
COWBOY BK TX,
PROSPER,
WFFNB RETAIL,
CAP1RMSTR,
CBAVENUE,
CHASE  CC,
AMEX,
SYNCBPRTUNE,
WE EFS,
TOWSON UN ED,
CITIZENSFM,
NESZION,
DSBNKGLELSI,
SHAWSJEWELER,
AESW FARGO,
LANE BRYANT,
ABERDEEN FCU,
COV PIK AU,
PEOPLES ENGY,
GATEWYFINSOL,
SERVICE CU,
CRD CNCTN AS,
WSTSHMRK,
LEASE RENTAL,
MERCHANTS AU,
SYNCBAMEAGL,
NORDSTMTD,
CBLIMITED,
SYNCBTJX,
SYNCBQVC,
WFDILLARDS,
CBANNTYLR,
CCBHSN,
SYNCBBANANA,
CBHENRIBN,
SYNCBSAMS,
SYNCBHDFURN,
DFSWEBBANK,
R C WILLEY,
MOHELADOFED,
ZALECBNA,
CBPACSUN,
CBMTROSTY,
HI COMMTY CU,
BMW FIN SVC,
ACSDEPTOFED,
ACCRED HOME,
PNC MORTGAGE,
HSBC BANK,
CAP1LT,
CCBMODELLS,
FNCC,
SYNCBPEACDR,
CCBGEM,
SYNCBPCRICH,
SYNCBGAP,
CBASTEWRT,
CBMANDEE,
CBNA,
MUNCPL CR UN,
RAYMRFLNIGN,
AMOSOA,
APPLIED BNK,
CCBBLAIR,
SYNCBSTUDIO,
GINNYS INC,
MONROEMAIN,
MONTGOMERYWD,
SEVENTH AVE,
LA CHILD SUP,
AMER HONDA,
PNC BANK,
VELOCITY CU,
PRIMELENDING,
CARFIN,
AZUMA LEA,
TTLFIN,
SYNCBKIRKLN,
ST FARM BK,
AES EDSOUTH,
SYNCBLNT,
EDFINANCIAL,
1 FBSD,
CHASEPIER1,
KEYBANK NA,
SYNCBBRDC,
SYNCBTJXDC,
EXXMBLCITI,
SYNCBDKS,
GOODYRCBNA,
SYNCBCCARE1,
AESJPMORGAN,
CBPTRYBRN,
SAVANNAH BK,
RYMRFLNIGN,
CARFINSVCS,
CAF,
ACSBOFA,
ACSB OF A,
TRAVIS CU,
PATELCO CU,
KHEAA,
UNIV ACCPT,
DPT EDSLM,
SLEXPGLHEC,
AESNJHIGHED,
AMER FST CU,
HORIZON CARD,
MABTCONTFIN,
PERSONAL FIN,
WFC,
JEFF FIN CU,
DPT TREASURY,
CNAC  LA109,
GTR N OL FCU,
CHRYSLR FIN,
DANIELS JWLS,
IMAGINE,
WI ELECTRIC,
CAPITAL BANK,
CELTICCONT,
TD AUTO FIN,
US BANK,
ACSUS BANK,
EASCI,
SHANNON MTRS,
PEOPLES CU,
MID ATL FIN,
MLGW COLL,
WORLD FIN,
ARVEST BANK,
WESTLAKE FIN,
MUNCPL ECU,
CCBDNTLFRST,
OSTERMAN JWL,
JEEP FCU,
NCOAST FIN,
WORLD FINANC,
REGIONAL ACC,
CITI AUTO,
RISE,
GATEWAY 1,
DTE ENERGY,
CNAC MI105,
HSBCBSTBY,
SCHOOLSFIRST,
KHNA PMTSOL,
WFHE,
VISTERRA CU,
ALTURACU,
MIDFLORIDACU,
GROW FN FCU,
PREFCUSTJEWL,
PENNYMAC,
SYNCBVNBASS,
FRDMROAD FIN,
SECURITYFNCL,
USA DISCNT,
1ST ELEC BNK,
SHELL FCU,
SN BERNDINO,
RIVERSIDE CO,
FAMILY LA CO,
UNIV S HEART,
SYNCBPPXTRM,
CAP ONE NA,
SYNCBTYDC,
HYUNDAI FINC,
TTCU,
DFASIN,
MIL STAR,
SEC NTL AUTO,
LENDMARK,
CBSPMNSGV,
JARED,
CBJCREW,
NISSN INF LT,
GRPLNDG,
HSBC AUTO,
THINKCASHFBD,
STONE BROS,
LOBEL FIN,
AESNCT,
PLAIN GREEN,
CBBOSTON,
UNIV WIS,
UW WIGLELSI,
EXETER FIN,
MATTRESS FRM,
ROBBINS BROS,
SLC STL TRST,
TDRCROBBINS,
SYNCBNATNS,
AMEX DSNB,
CHEVRON,
RBS CITIZENS,
USBANKGLHEC,
CBCHRSBK,
ACSSLFC,
SDSTUDNTLOAN,
53 BANK CC,
FNB OMAHA,
PRIMUS FINAN,
WELLSFARGO,
TDRCASHLEY,
FIDELITY BK,
WSLFRG NV NA,
ACSOBERLIN,
COSTEP,
WORTH FINANC,
CBSAMUELS,
RIVER VAL CU,
INTERNTL HCU,
SEC NTL BK,
MILITARYSTAR,
HARLEY DAVID,
GRANDPOINTE,
UNITED ILLUM,
RHINEBECK BK,
SYNCBMERVYN,
DOLR LN CENT,
CITIRL,
SSS FED CU,
PARTNERS FCU,
ENTERGY LA,
WORLD ACCEPT,
DIXIE FINANC,
BANCFIRST,
MDNGHT VLVT,
SWISS COLONY,
BANCOPOPULAR,
UPSTART NETW,
AESBK OF AM,
SYNCBMAACME,
ACSUHEAA,
ACSMEFA,
AACBNA,
CCBJ JILL,
U OF TAMP ED,
HUDS VAL FCU,
BOBS DS FURN,
SHEFFIELD FN,
TD BANK NA,
HDSN VLY CU,
FIRSTBKDECF,
FREND FIN CO,
CARTER BKTR,
GUARANTY BT,
SUNTRUST BK,
GRNTE DIR LN,
SYNCBSLPNBR,
OPORTUNPROG,
HOUST FINC,
PFS,
BENBRIDGE,
CA REPUBLIC,
SYNCBLEVINF,
CBROAMANS,
CBJESSLON,
CBGNTEAGL,
SUNOCOCITI,
SELENE FINAN,
ACSCLC,
CCBOVERST,
CBCATHRNS,
CCBSIMPLYBE,
CBBRYHOME,
CBWMNWTHN,
CBFLLBTY,
CBDRSSBRN,
MARATHON ASH,
FLR SOLUTION,
TAYLOR BEAN,
OCWENHOMEWA,
FSTPROGRESS,
FLA AM U ED,
PRESTIGIO,
REGIONS BANK,
LOW CNTRY CR,
KEYEDGLELSI,
STERLENT CU,
NUMARK CU,
GATEWAY FIN,
ED  ASSO CU,
LAKETRUST CU,
TX BAY CU,
ULTRAVXNMB,
GRT AMER FIN,
REGIONAL FIN,
ADVANCED LN,
AFBT,
SYNCBLIVSPC,
CAP1GOTTS,
SPS,
CITIMORTGAGE,
GEN MILL CU,
NEW CNTY MTG,
SLMENTGLELS,
ALLY FINANCL,
GVRTMNTL ECU,
MARINE CU,
CU MTG SVCS,
WFF CARDS,
COLONIAL SVG,
ORANGECO CU,
CHLDCBNA,
SYNCBSYNCBM,
PRSMCBNA,
GO FINANCIAL,
PIONEER CR,
CRD SEC ACC,
SYNCBKITTLE,
CARNGTN MTG,
SYNCBCNTBUY,
AMER GEM,
IND UNIV CU,
FIRST SVG CC,
US DEPT VETS,
PIONEER MCB,
FTHOOD NTLBK,
SEARSCBSD,
DSNB BLOOM,
AESEIFC,
EQUIANT FNCL,
CCBYRTUI,
CAP1BOSCV,
CBMARATHN,
WFF AUTO,
METAINDIGO,
UKSTDNTACCSR,
CNAC  IN101,
OFC RCVY SVC,
MTN HIGH CU,
SYNCBLOWESD,
SYNCBCUTEDG,
MBRS ALLIANC,
JB NUTTERCO,
MEMBALLICRUN,
CBROOMPLC,
ASSC BNK WI,
ALPINE BK,
VW CREDIT,
SLUMBERLAND,
PREFCUST1,
AMCORE BANK,
FIRSTBANK OH,
DISCOVER BNK,
FRST BNK TRS,
OKSTUDENTLN,
UNITED AUTO,
AUTOTRAKK,
MT BANK,
SENSBL AUTO,
FEBRETAIL,
CAP1BDCOK,
SYNCBVALUEC,
ACSJPMCHASE,
EDCU EFCU,
ENERBANK USA,
NATIONSTAR,
SPRINGLEAF,
HFC  USA,
CEDAR PT FCU,
SUN LOAN,
CAR CORNER,
RED RIVER CR,
NYS OTDA,
OMNICU,
CBPIER1,
IRFPIONEER,
MHESLGLELSI,
MHSLAGLELSI,
AFFILIATED,
TOWER LOAN,
WHTNYHNCKBK,
SEC BNKCARD,
OCWENLITTON,
POPULAR MTG,
RUSHMORE LMS,
SC SEAA,
SC STUDNTLN,
LIBERTY 1 CU,
FST COMM CU,
BRYANTSTBK,
SYNCBLUNDST,
SYNCBDOCOPT,
SYNCBPEARLE,
ANHEUSER BUS,
CBDOTS,
UNION BT,
VANTAGE CU,
US BK RMS CC,
MONTEREY FIN,
WSTRN FIN,
BSTL CNTY SV,
CCCONECT,
SYNCBTAPPER,
CBVLCTYFR,
LORDTAYLOR,
CREDITCENTRL,
KY HIGHR EDU,
SAC FINANCE,
BEACON FCU,
MATAGORDA CU,
HISPANICLOAN,
WELLSRECOVER,
HESCARLNGTN,
KELLY COMM,
CITIZENS BNK,
DSRM NT BK,
CBBEALLS,
TFC CREDIT,
CONTINENTAL,
TOLEDO FINC,
CITIFINANCIA,
ACSWELLS,
CBVENUS,
CNS PORT SVC,
MIDHUDSON CU,
SNAP ON CRDT,
CORNWEL TOOL,
FARMERS FURN,
FST CREDIT,
FIRST CHOICE,
MID CITIES,
ECONOMY FIN,
UTAH FST CU,
MTN AMER CU,
NOBLE FIN,
COMM AMER CU,
WYND DISCVRY,
WILSHIRE CNS,
NATL CITY,
CAP1VLCTY,
ABNAMRO,
AKUSACUR,
CREDIT UN 1,
EGLIN FCU,
WFWB,
CLEARVIEW CU,
VSAC LOAN,
CORNERSTONE,
ACCIONEAST,
BAYPORT CU,
MABTSCUSA,
HSBC  AIB,
APCO ECU,
YOUR CREDIT,
1ST HERITAGE,
EMONEYUSA,
METLIFHMLLC,
QC FINANCIAL,
SYNCBHDCEAP,
EVANGEL COLG,
BLUCURRENT,
COMMUN FINAN,
CAP1DAVBR,
UMB BANK NA,
SYNCBL  T,
ACSNAVIENT,
JEWLRY CNTR,
HERITAGE FCU,
CEDARHILLNBK,
SYNCBBROOKS,
AMER CR ACPT,
COMUNITY FST,
NEW CU,
CNAC  WI101,
CAPITAL CU,
N MICHIGAN U,
SYNCBAMEG D,
IRON MTN FCU,
NELNTGLELSI,
ARLIN VA FCU,
MAZUMA CU,
PURPLNFBD,
WEBBANKGTN,
AUT ENE ELEC,
COOP ARECIBO,
SYNCBBLAINS,
SHELLCITI,
ALCO FCU,
OLEAN AR FCU,
CHEMUNG TRST,
CBGNDRMNT,
DELTA CCU,
PENTAGON FCU,
SUNTRUST MTG,
FIRSTHORIZON,
AESEDUCAID,
DPT EDOSLA,
USL FCU,
REDMPTN FIN,
AMS SERV LLC,
SAXON MTG,
FT BRAGG FCU,
SYNCBBP,
SYNCBPEPB,
COLLEGE FOUN,
RTGCRB,
GENERATIONS,
SA LOANS,
NAVGLELSI,
SUNTRSGLHEC,
USAA FSB,
CR ENGLAND,
LA FCU,
FOTI FINANCE,
ACSSNTRSTED,
PLANT BK TR,
SC TELCO CRE,
SYNCBLAZBOY,
NICHOLAS FIN,
AK CHILD SUP,
BK WEST,
HRTG STH CCU,
CCBSMILEG,
ALCHILDSUPT,
FST CITZ BK,
LDGELITECRUN,
ROYAL C U,
TDRCFURNISH,
ROGERS  HOL,
CBHERB,
WESTCNSN CU,
FST CIT FEDL,
CBCRABRL,
PALMETTO HCU,
STU LN TRUST,
ENTRADA,
GILMN UTD FC,
FIRST FL CU,
ACCESS GROUP,
SEABOARD CU,
CBNPRTNWS,
SUNBELT CRDT,
1ST FRANKLIN,
SYNCBDILLAR,
SABER ACCEPT,
FIRST NIAGAR,
VEROS CREDIT,
SYNCBEMPIRE,
FIN CNTR FCU,
CALIBER,
CHESAPEAKE F,
ST AGNES ECU,
FLDEPARTEDUC,
ASPIREDOE,
MIBMOHARRIS,
BROADWAY FIN,
CENTRAL FIN,
COMMERCE FIN,
AUTO ACCT SV,
CARMANIA AU,
CNAC TX109,
NC FINANCIAL,
WILM POST CU,
COUNTRY DOOR,
SYNCBIKEA,
CURACAO,
DN RBRTO JWL,
AMR EAGLE BK,
CONS COOP CU,
BMOHARRISBK,
SYNCBARCTIC,
FIRSTPLACE,
5TH 3RD BK,
WORKES CU,
CHLD SUPP VA,
CALL FCU,
KYCSLGLELSI,
NORDSTROMFSB,
FORUM CU,
FREEDOM ACPT,
OMNI MILITRY,
TRULIANTFCU,
HIRAM COLLG,
MAROONFIN CU,
SYNCBSAMSDC,
CBWESTELM,
ST UNIV NY,
ASHRO,
AES,
CITIZENS SL,
KNXV T V A C,
MARKONE FIN,
COMMTY BK MS,
SEC SVC FCU,
JORDAN CU,
CLEAR CARD,
CITICITGO,
NFCU MTG,
CITIHEALTH,
SYNCBHDNAHF,
CEFCU CCARD,
CEFCU,
CBBERG,
CAP1BERGN,
ELAN FIN SVC,
TDRCBMOSS,
FNB OMAHA UB,
SAN DGO CU,
DISCOVER SL,
MUFG UNBK NA,
MISSION FCU,
SAVANNAH RIV,
FIRSTMARK,
UN WIS STOUT,
STDFINGLHEC,
STLFNGLELSI,
SLFCFINGLHE,
GULFWINDS CU,
TEACHERS CU,
CBCARSON,
NGPENTERPRIS,
MANDEES,
NAVIGANT CU,
EDFINESA,
NOVASTAR MTG,
SYNCBTIREPR,
CCBVENUE,
GRDN SV FCU,
IN UNIV STLN,
CAP LOAN,
AMARILLO NB,
SLC CONDUIT,
UHEAAWELLS,
NW SVGS BK,
TSAFINANCIAL,
SECURITY AL,
HOME CHOICE,
AESBOA,
BKAMRGLELSI,
CBGRDMNS,
GRANITE STLN,
DIGITAL EFCU,
MNTWASHCOLL,
BROOKLINE BK,
EQUITY ONE,
FOURSIGHT,
AESPHEAAFRN,
SOVEREIGN BK,
ALLSOUTH FCU,
AESSUNTRUST,
COASTAL CRDT,
U S AUTO CR,
RAND BRKS CU,
SYNCBSTMRTD,
ACSPANHANDL,
CHSEBSTBUY,
BBVA COMPASS,
PANHANDLE,
US DEPT ED,
AESEDUCN SR,
FIRST BANK,
SUMMIT CU,
QUICKENLOANS,
SAC FED CU,
AMPEOPL NTL,
CENTRIS CU,
JEFFERSN BK,
SYNCBSYNCB,
FL STATE FCU,
PEN AIR FCU,
HCCREDITFEB,
EMBLEM,
STA ROSA FIN,
ECMC CA,
EFS FINANCE,
SACTO CO FAM,
CU COLORADO,
DOVNMULE MTG,
ENT FED CU,
MINNEQUA WKS,
NJ HIGH ED,
DLWARE VLLY,
AESPNCNTL,
BRANCH BT,
EVERBANK,
ARROWHEAD CU,
FALL RVR ECU,
GREENWOOD CU,
HOPE FCU,
AESJPMGN CH,
USM STU LNS,
MOEHLA,
GCEFCU,
CBBLLSFL,
LINCOLN TECH,
GET IT NOW,
PRFDCREDCO,
ROOMSTORE,
SYNCBBROYHL,
CR UNION ONE,
YARDVILLE BK,
GALLERY FRN,
HOU POLIC FC,
CSUSACRA ED,
SYNCBJACCNT,
DES CHILDSUP,
FOUNDERS FCU,
ARROWPOINTE,
RHODES AUTO,
TRIAD FINANC,
WESTSIDE CDT,
ASI FCU,
SAF,
VON MAUR,
SYNCBASHHOM,
NLCTRGLELSI,
HAMPTON ROAD,
VCU ED,
HIGHLANDS UN,
JOHNSON COBK,
STI PERS MC,
TX GUAR STD,
CNACTX 118,
SAMS APPLIAN,
ILLIANAFINCU,
TWINSTAR CU,
AESISM,
ISMIOWA,
UNIV SYST NH,
CRESCENT BT,
TAGFINSVC,
LA POPULARW,
CBSPRTSAU,
URW COMM FCU,
CBPALAROY,
CASH PLUS,
FORDWMEMPHIS,
PCCU,
ONEUNITED BK,
ACSCLCTRUST,
CLC SVC CORP,
KINECTA FCU,
CU OF DENVER,
CIT BANK,
CCBIDD,
AC AUTOPAY,
SIERRA AUTO,
NEW CUMB FCU,
SLMGLHEC,
AESPHEAAELT,
AES PAST CU,
SR MARYS CR,
PEOPLEDRIVEN,
WLSFGONES,
BELDEN JEWLR,
MABTMILSTNE,
SSTSUNTRUST,
OCWEN LOAN,
SYNCBHDFLR,
AMC MTG SVCS,
FST NATL BK,
CHASETOYRUS,
SYNCBHAVERT,
SUNCST CU,
BANK 2,
NELSON,
MICH SGCU,
NORTHWST FCU,
CULS,
CONSUMER FIN,
CBRH,
PAYOFF,
RUTGERS U,
MARKSMORGAN,
EECU,
SFM FIN SRV,
CHASE CHA,
STAR FURN,
VSAC FED LN,
BRAZOS VLLEY,
MEMBERS CHCU,
NBT,
DRVCRDCITI,
INDPNDNT DLR,
RIVER RGN CU,
LANGELY FCU,
CENTRAL LOAN,
ASPIRE,
HONOR FIN,
DFSLLC,
NYST HGHR ED,
CBTREK,
CCBBARNEY,
CCBSERTA,
SHABANA AU,
AA EFCU,
MAIN FINC,
UNIV OF TOLE,
WORLD OMNI F,
NLNETGLELSI,
SUNTRGLELSI,
K2FNLGLELSI,
FAIRWINDS CU,
CNTRL FLAUTO,
CAP1YMAHA,
MAZDA AMER,
SUNRISEACCEP,
PIONEER CRED,
MCI,
ASSOC CU,
INFTE ENERGY,
CBGOODYS,
CU OF TX,
STATEWIDEFCU,
SYNCBMODELD,
MTBANKES,
CHASE BP,
BRAZOSLSC,
AQUA FINANCE,
ACSBRAZOS,
STLNFINGLHE,
CTIBKNYGLHE,
CLARO,
SOUTHSTATE,
ACSALLSTUDE,
SYNCBLENSCR,
ACHIEVA CU,
BK N DAKOTA,
CITIZENS BK,
NTBCBNA,
AESKEYSTN,
AESPHEAA KE,
PT PK COLLEG,
HRVSTRS FCU,
DOTHAN ACPT,
SYNCBHMDSGN,
VNTG WST CU,
KEYBANK USA,
ACSNELNET,
KEYBNKGLHEC,
SALMAEGLHEC,
SCUSETF,
QUAD CTY CU,
FAMILY CU,
GOLD KEY,
PEARL LOANS,
LAFCUCU,
RIA FED CU,
RABOBANK,
CAP1GATWY,
WESTSIDE FIN,
UTD CRD LSVL,
PEAK 5,
AFSACCEPTANC,
UNION BNKTR,
AES  WELLS,
FIRST MARKET,
HARRY RICHIE,
YKS ACCEPT,
CONVNIENT LN,
CTZNS ST BNK,
M  T BANK,
BNK OF TEXAS,
LOCKHEED FCU,
BROADWAY FN,
FLEXCOMPAUTO,
S C ELECGAS,
PALMETTO FCU,
PALM CIT FCU,
ENERGY CAP,
SAFCO,
WOOLNDS FIN,
SYNCBBASSPR,
SUNTRUSTGS,
VIA CU,
CAP1MNRDS,
CBTALBOTS,
CAP1SAKS,
HNTINGTN NTL,
SYNCBASHFRN,
UNVLCITI,
AMOCO FCU,
PLZHM MORT,
TEXAS DOW CU,
WEB BANK,
SYNCBEVINE,
RELIABLECRED,
ARIZ FED CU,
DEER VLY FCU,
MI FIRST CU,
CCBPETLND,
CUSI FL AU,
FSBBLAZE,
CAP1LEVTZ,
UNITED MTG,
OPTEUM FIN,
VISA DSNB,
ZIONS BANK,
FERRIS STATE,
MICHIGAN1CCU,
ISABELLA BNK,
GRNVLCOMMBNK,
SYNCBFLRDEC,
CFNABOSCH,
CAPITAL CITY,
AMER FST FIN,
WFPCM,
GUILD MORTGA,
AM STD ASST,
ARMD FORC BK,
CITI SHELL,
SSTCIGPF1C,
OMNI AM BNK,
SYNCBHONDA,
MORT SERV CT,
CAP1HELZB,
CAP1COMP,
1ST NATL BK,
BALT CNTY SV,
CBBON,
CBWAYFAIR,
CBOLDPBLTRD,
CCBMARISOTA,
CCBHABAND,
CBBLLSOUT,
CBARHAUS,
CCBDRPRDMN,
CCBLINENSRC,
CCBWNTERSLK,
CCBNORMTMSN,
CCBSAHALIE,
CCBSOLUTION,
CBZGALLRE,
CCBTOGSHOP,
CCBAPPLES,
FURNITUREBAR,
UNITED REFNG,
NY COMM BANK,
COMM  SV BK,
TEXAN CREDIT,
TACACCPT,
FAMILY TRUST,
INTL ORG MG,
AMRO MUSIC,
NATL A FIN,
SYNCBNATION,
COLONIAL FIN,
NUVELL CREDT,
NATIONWIDE,
UNIV FCU,
BKOFAGLELSI,
CAR CREDIT,
LENDER FINC,
PELICAN AUTO,
PURPADVFBD,
RELIABLE AUT,
LNTOLRNEDAM,
PEOPLESTRUST,
AESBRAZOSUS,
AESCHASE,
FST AMER BK,
TEGFEDERALCU,
CBKNGSZE,
SYNCBSUNGLH,
MODEL FINL,
SYNCBREEDS,
CEDARS SINAI,
GREENROADFIN,
ALLIANT CU,
CIG FINCL,
GUARDIAN CU,
MAX CU,
ACCPTLOANCO,
REGIONSBANK,
UNIFOUR FIN,
CENTRAL MTG,
SIMPLCTY BNK,
PROV SVGS BK,
VIRGINIA CU,
CNAC  VA108,
SUNTRUSTTHD,
GO GO MOTORS,
NORTHEAST CU,
CHITTENDEN,
WILSHIRE CC,
CORTRUST BK,
TOUCHSTN FIN,
BLACK HIL FC,
AESSLMA TST,
XLSGREATLKS,
LEECO FUNDNG,
CCBSIMPCRD,
SCS CREDIT,
CMNTYWDE FCU,
STND FIN SRV,
COMMBKNA,
NEBRSKA FURN,
SYNCBEALLEN,
SYNCBSCANDS,
ALPHERAFNSVS,
UNIV OF FL,
BCBST ECU,
RI CHLD SPRT,
TEX AUTO CR,
RSHKCBNA,
AFFCU,
SYNCBYAMAHA,
FST HI BK,
DORT FCU,
ST MARYS U,
1ST GTWAY CU,
WSTN AMER LN,
FNB GRANBURY,
FFB STPHNVLL,
FIRELAND FCU,
PPLS BK NC,
BF FINANCE,
BARRIFINANCE,
LIBERTY LOAN,
ACSGCO ELF,
AESSLXINC,
CREDIT WORLD,
FRONTIER MOT,
RTRFINANCIAL,
ACSCOLLEGLN,
HERTG ACCPT,
ANDREWS FCU,
MONROE CC CU,
MONR CTY CU,
CAP1ELDER,
HM LN SERV,
CAR TR FCU,
SYNCBPOLARI,
FST KNOX NBK,
CONDOR CAPTL,
SC FED CU,
SC FED CR UN,
MCAS FCU,
FRIEDMANS,
CITIBP OIL,
IBERIABANK,
SYNCBONLINE,
TEMPUR PEDIC,
NEIGHBOR FCU,
HARRISON FIN,
FST USA BK B,
UNC GREENBOR,
STATE ECU,
CNTRYPLC MTG,
USF FCU,
MID FL FINCE,
TURNER ACCEP,
ASHEVILE SVG,
ACMG FCU,
EMPOWER FCU,
FARMERS NTL,
TEBO FINANCL,
STEPHEFSN NT,
NICOLET NB,
BROADWAYAUTO,
BANK NORTH,
CAP EDUC FCU,
GENTRY FIN,
BIG O TIRES,
PRMR AUTO CR,
VEHICLE ACCE,
LANDMARK CU,
OFF STUD FNC,
ROCKLAND FCU,
BBN FINANCE,
SUNTRUGLHEC,
CBSTAGE,
AMERICU CU,
DSCVRGLELSI,
GOODMAN JEWL,
SIERRAMTRS,
GEN LEND SVC,
FST CIT BK,
NATL BK ARK,
AESST FNDNG,
FRIENDLY FIN,
BULLS EYE CU,
NEKOOSA CASH,
MEMBRSADVTCU,
ABC AUTO INC,
AUTO FIN SVC,
1ST INT BANK,
FIB COM BLGS,
FST INTERSTA,
FOX COMM CU,
BAY BANK,
STATE FINANC,
AZSTATE CU,
TOWER FCU,
LBS FCU,
PARTNERSCU,
SYNCBFUNANC,
FRDMCBNA,
SE FINANCIAL,
AM EAGLE FU,
AM EAGLE FCU,
HOME AT FIVE,
FRSTSTHFINCU,
SYNCBMIDAS,
PGDACBNA,
FIRST MERIT,
PENN STAT CU,
PITT CTR FCU,
ROUNDPOINT,
SNTA CLARA,
BRNDSRCCBNA,
SHELLPOINT,
PACIFIC SERV,
ROGERS ACCEP,
WAYN ST UNIV,
MIDATLFARMCR,
HFCOFSUMNERC,
GENERAL CRDT,
USA CREDIT,
WESTVIEWFNSV,
SUNCOAST CU,
DRAKE MTR CO,
AUTO CREDIT,
TRANSWEST CU,
SSTSYNOVUS,
CU OF AMER,
COMM NAT BNK,
SYNCBSONYFN,
NATNS DIRET,
CCBSAVONFR,
VALLEY FRST,
CHELA FINCL,
SLFALOANS,
MEMBERSOWN,
ANNIE SEZ,
AMERITAS CU,
TEACHERS FCU,
CITIZENS CC,
USBANK,
HNB LEASING,
HANN FNCL,
PROG LN SVC,
RKL FINC CO,
BAYVIEW LOAN,
SUFFOLK COUN,
CNAC  MI106,
MERCH FINAN,
FAMSA,
SYNCBHOMESH,
FIRST DATA,
STRBNKGLEHC,
SUN LOANS,
ENTERGY AR,
CAP1JUSTICE,
CITIBANKNA,
CBANNIESZ,
SPEC LOAN SV,
CBSPIEGEL,
CF FINCE CO,
GLBLNDSVCS,
INTERRA CU,
ROSS EDU,
SYNCBGUITAR,
INSTACREDIT,
EASTERNBK,
TDRCDIAMOND,
SYNCBCARDIS,
UMDCOL P ED,
KSASERVICING,
SHARON CU,
CC FINANCE,
TRONIX CNTRY,
21ST MTG,
NASA FCU,
WLLMSBR SVBK,
VERIDIAN CU,
CONNEXUS CU,
TDRCRMS TOG,
SYNCBCR CC1,
SYNCBMEIJER,
SAFE FCU,
PLATINUM HOM,
ROGERS JEWLR,
COMMUNICA CU,
TULSA FED CU,
TCT FCU,
CITIZEN STAT,
PEOPLES FIN,
UNITED FINAN,
MMCAC1,
MN SELF LOAN,
MN CHILD SUP,
CARDINAL CU,
NH HSNG,
PMAC LENDING,
AUTOMATICFIN,
HEARTLAND BK,
GENISYS CU,
PINEER FCU,
LES SCHWAB,
MIDLAND MTG,
BOFIFEDBANK,
SYNCBBOMBRD,
UNTD BAYCMCU,
CHEM B  T,
FLAGSTAR BK,
PROGRSSV FIN,
COREFST BT,
ADVANCIAL CU,
KWIK TRIP,
ACSCHELA,
CAP1HERBG,
CBCWKSVSA,
CREDIT RCVRY,
CITIZENS SVG,
CFCU,
CAP1KAWAS,
ACADEMY SPTS,
CAP1LIZ,
ASPEN,
1ST STATE FI,
PHILA FCU,
CITI FLEX,
CBCHDWCKS,
CHARTER 1 CC,
AUTO CR EXPR,
BROWNINGS,
LEADCO C CU,
ABD FCU,
SFC CENT BK,
COL NEW R ED,
FLINT SCH CU,
FLINT SCHOOL,
AMERICUMTG,
SYNCBDKDC,
FIRST TECH,
OCWENGMAC,
ASC,
DATCU,
PNCBKGLELSI,
ACSCITZ BK,
ACSEDFUNDIN,
YOUNGSTWNSTU,
717 CR UN,
CNAC OH130,
DRIVE NOW AU,
CREATIVE FIN,
SYNCBABT,
CASTLE CR,
BMI FED CRUN,
CEN OH CRED,
UNIV WISCU,
WINNEBAGOCU,
SUN LNS,
HOME FEDERAL,
PACIFICUNION,
MIDDSX BANK,
ALIGN CU,
MILLERSVI ED,
ROCKLAND TRU,
SOURCE ONE,
BELMONT SVGS,
WORKERS CU,
LEOMINSTERCU,
USAOFTNLLC,
METAGLSSL,
AUTO ACCEPT,
FRTIVAMABTC,
STONE GATE,
JEANNE DARC,
ARMD FRC LNS,
PIONER ML NV,
MILITARYLOAN,
ROBERTS WESL,
FRES CO FCU,
TDRCLITTMAN,
IRONSTONE BK,
BETHPAGE FCU,
CENTERST BK,
DESERT SFCU,
RFFC FINANCI,
ACSEASTWEST,
PPL SEC FIN,
HUGHES ACCPT,
LINCOLN FIN,
SPACECOASTCU,
BANNER FIN,
DRLEONARDS,
CA COAST CU,
RCS INC,
HARRIS ORIGI,
GREAT PLAINS,
UNION AUTO,
MEMBERSFSTCU,
ISABL COM CU,
TOUCHSTONEFN,
QUICK LOAN,
BANKPLUS,
PREFERRED CR,
HERITAGE BK,
CAP1YOUNK,
AESGOALFINC,
XLSCIT,
HSBCKAWAS,
CITY NB SS,
SYNCBDANLJW,
RED RIVER CU,
SYNCBCC1,
SYNCBASA,
SYNCB4WHEEL,
TDRCNTL WHO,
ROBINS FCU,
HARBOR ONE,
MATCO TOOLS,
MIDSTH NT BK,
GENERAL CRED,
STL COMM CU,
MDHE,
1ST FIN FCU,
MOHELA,
GA STND FIN,
SYNCBSLEEPY,
CBSLHOUET,
CBLAREDOU,
LONG ISLAND,
TIERONE BANK,
MUTOMAHA BK,
ROYAL FURNIT,
UTSTUDLN,
AUTOPRTFLSRV,
MEMBERSFIRST,
SYNCBAMERSG,
MAPLE FCU,
SOUTHLAND FI,
LACKS VALLEY,
WF HEALTH AD,
TRANSWEST,
AUTO ADVANTA,
FST EDUCATIO,
RIVHEALTHCU,
BOFA ST LOAN,
NMAC,
STATEFARMCU,
UVA CU,
MHESLA,
AR ST LN GUA,
1NEVADACU,
OR CHILD SUP,
NEBR SOC SRV,
SYNCBMENS W,
FRESNO CO DA,
MIDWEST ACCE,
STBK ARCADIA,
JOHN OMELBY,
MNSCU SLSC,
SLFCGLHEC,
WINONA ST UV,
PREMIER AMCU,
CLEARPTH FCU,
UNITED CU,
ACME CONTLCU,
GLENVIEW CU,
CHSHIRE FCU,
ILDHFS,
GECU VISA,
TX1 COMM CU,
PRIMEWAY FCU,
SFGFINANCETX,
AESBLUE,
XLSSLMA,
ORLANDO FCU,
TYNDALL FCU,
SAFE CU,
COMMUNTY1CU,
RIVVALCREUN,
SUPERIOR FIN,
CNAC IL117,
IDEAL AUTO,
AMERICAS FI,
AESCITTRST,
LAFAYETTE CU,
CBATYRLMC,
RELIANT CU,
MB FINANCIAL,
GREENSTONE,
GENTRY CRDT,
SMARTCHOICE,
FST LIB CU,
FST FED LKWD,
CCBMOTOROLA,
VTSTATEEMPCU,
FST ALLNC CU,
BMW BK NO AM,
BMBYCBNA,
ROOMSTOGO,
EDFIN LELA,
PARKCOMM FCU,
SYNCBP66,
NEIGHBORS CU,
AESMOHELA,
MATRSS GIANT,
TRANSPTN CU,
TRANSP FCU,
PEE DEE MD,
FST CITZ SC,
QUACHITA FCU,
KRAFTMAN FCU,
CROSS KEY BK,
U TX SAN  ED,
RSSL SMTH AU,
HAWAII FCU,
DHS CSS,
SUTTER CO,
SONOMA CO,
THOUSND TRLS,
LONGWOOD  ED,
BEDFRDSOA,
S FL ED FCU,
PANGEAPROP,
MODERN FINAN,
BOEING ECU,
US BANK SL,
NORTH KENTUC,
BELLWETHERCU,
ALLTEL,
LIBERTY 1CU,
MIDLAND STBK,
FST ST MEND,
GLOBAL PYMT,
AESBANK ONE,
DOLLAR BANK,
CSU ST LN,
AESRBS CTZN,
SYNCBJWLEXC,
CPW,
FREEMAN FIN,
GEMC FCU,
SYNCBLUMLIQ,
CANYON FIN,
CNNCTNS CU,
DESERT SCHOO,
AU FINCE SOL,
CAP1BERPL,
AESBRAZUSBK,
SACU,
GB ALGONQUIN,
TIME FINANCE,
TDRCFREDMEY,
LAKE SUP UNI,
SYNCBBP DC,
SYNCBLOWE P,
MORGAN JWLRS,
CHRTR OAK CU,
CNAC  IN116,
CAPITAL AUTO,
WRGT PATT CU,
MM FUNDING,
SNTRBNGLHEC,
STRBKTRGLHE,
WRIGHT ST ED,
FIDELITY DEP,
ELAN FIN SER,
PIONEER CRDT,
GTEFINANCIAL,
CJ FINANCE,
ROBERTS AUTO,
KERR C FCU,
TEXAS BEST,
CHAR MET CU,
OHIO STA UNV,
AESESA,
COURTESY LNS,
APFCU,
AMERICAN FIN,
AES  PHEAA,
AES CHARLER,
YOUNOMICS,
HARVARD ECU,
INSIGHT CU,
MAGNUMFIN,
CNAC  MI102,
UMB NA,
ICON CU,
BK OF CASCDS,
FARMERSMERCH,
TIME INVESTM,
BRCLYGLELSI,
ALTRA FCU,
HORIZONBANK,
EDUC EMP CU,
WAUSHARA CTY,
LENDUP CARD,
DM AUTO FIN,
SMRTAUTOLV,
SYNCBHUDS,
SUMMIT FIN,
CARS TO GO,
KEYS FED CU,
MCCOY FED CU,
FLAGSHIP CRD,
GFCSTAU CRDT,
UCCU,
UHEAAUT SBR,
QNB LSV GA,
CARVANT FNCL,
MEMBERS CU,
HONOR BANK,
PAWTUCKET CU,
TRCDCBNA,
MA BRD OF ED,
CSLFC,
INDL ACCEPTN,
TOYOTA FSB,
STATE DEP CU,
MARY BALDWIN,
CNAC  KS103,
AM FINANCE,
WELSLEY COLL,
CENTRE BANK,
N ISL FIN CU,
J  J FURN,
PAMPRD CHEF,
SYNCBSLEEPT,
AESM  T BK,
BRKSBCBNA,
CBEDBAUER,
KEYEDUGLHE,
SYNCBFARMH,
ODPCCBNA,
TRACCBNA,
SYNCBSUTHRL,
UNION BANK,
J DEERE CRDT,
GREAT BASIN,
GREATER NEV,
GRT SUB ACC,
MICHAEL HILL,
CBDOMES,
CBAMSGFRN,
CAP1SUZKI,
SANTANDER BK,
GREENPLANET,
FIRSTLND MTG,
CAP1NAUTL,
J GIBSON AUT,
BEST EGGSST,
TEXANS CU,
SSTAFFCU,
BEACON CU,
EASTMAN CRUN,
RCS SAMUELS,
BRZ VL SC CU,
LNEXPRSS,
LOAN EXPRESS,
FROST BK,
FLOAT MONEY,
WHYNOTLEASE,
CCBGRDWHI,
EXTRA CU,
SOUTHSIDE BK,
WORLDMARK,
IRWIN HOME,
MEMBERS 1ST,
ONE CRDT UN,
JOHNSONSTCOL,
OKSTREGENT,
MIDWESTERN L,
RCB BANK,
COLONIAL LNS,
MARINE1 ACPT,
BONFIRECAPGR,
ENTERGY GS,
WDIST EMP CU,
PENDLETON BK,
GREENSKY,
PELICAN STAT,
ED PLUS CU,
BK OF HAWAII,
EMERGE,
TETON FINAN,
CON FIN SVC,
FORD CBNA,
LINCOLN AFS,
SIERRA CU,
LISTERHIL CU,
ALCENTRAL CU,
WWC FINANCE,
SANTA CLARA,
COVANTAGE CU,
TDRCMYRS JW,
ELDORADO FRN,
EMPIRE FINAN,
MIDMSOURI CU,
PURDUE UNIV,
BREMERGLHEC,
UNIV WISC,
FREEDOM MTG,
ILL COMM CU,
SYNCBIVANSM,
DISCOVER PL,
FST FINCL BK,
SIMMONS FNB,
REGENCY FIN,
CFNA,
WORLD FIANCE,
EMPIRE BANK,
BELMONT FIN,
SYNCBTBC,
FINMTG ACC,
GREAT LKS CU,
CITIZENS FIN,
NTNWIDE LNS,
UNIVERSITYCU,
PATRIOT FIN,
SYNCBCHEV D,
ARKANSAS FCU,
MATHIS BROTH,
HOME ACCP,
HIGH PLNS CU,
SUN LOAN 151,
PSSF INC,
CCBMSGVISA,
JOURNEY FCU,
WEISFIELD,
HARBOR LOANS,
COMMBK ELLIS,
SPACECITYCU,
CA STUDENT,
ZEAL CU,
AUTOMTV CRDT,
AMERIMARK,
SYNCBNEWEGG,
SYNCBTHMSVL,
SYNCBSTASH,
SYNCBSTNMRT,
SYNCBGOLFSM,
SYNCBEBATES,
STPCCBNA,
HUNTINGTON,
MRNGSIDE COL,
ASPIRESC,
GE EMPLOY CU,
BOGMAN INC,
HSNG DEV FU,
CHIF,
CHARTER ONE,
CITIZENS ONE,
OCWENHOMEQ,
STAR ONE CU,
BK STOCKTON,
UNITED MO BK,
PA STA EMPCU,
NASA FCUGD,
NATIONWDE BK,
OCCU CRD SRV,
CREIGHTON SL,
FARMERS STBK,
MORTGAGE LEN,
SYNCBSUMMIT,
IND FIN CO,
SYNCBROBBRO,
U BRIDGEP ED,
RAY AND FLAN,
HSBC BANKUSA,
YNB,
SYNCBREGNCY,
CCBGOODSA,
ROCK VALCRUN,
BNQTFIN,
PEOPLESBNKMO,
CITZN BKNHVN,
PRT CONNEAUT,
HUNTINGT MTG,
JEF PAR EFCU,
TDRCSCA,
AMER THRIFT,
RIVERLANDFCU,
CCBLENOVO,
REDWD CAP BK,
COAST CNTRL,
CAP1MUSIC,
POKEYBRIMAU,
CNAC  AL102,
CPUCITI,
PLAINS COMME,
EMBRACE,
GBC FINANCE,
WESTERN FCU,
TOLEDO FIN,
BMG AUTO,
CCBELDORADO,
CCBHANPCA,
CCBTRUVALUE,
SYNCBULTRAD,
DUPONT FCU,
WFFNB DUAL L,
SYNERGY FCU,
IC FED CU,
CAGACCEPTANC,
UHEAAZIONS,
SUNSTATE FCU,
CASECU,
SYNCBHUSQVR,
PORTLAND FCU,
H HERTGE FCU,
SHEL COM FCU,
INDEPEND BK,
CCBVIRGINAM,
SFLNDCORP,
CBALON,
CBTRWRDVC,
TRUSTMARKMT,
UNITENERGYCU,
RDLPH INC,
SYNCBAMEX,
CCBBJSCLUB,
CCBORBITZ,
CCBFLRWRDS,
HLTHCARE PLS,
SAN MATEO CU,
CAP1SEAMN,
APPLE FCU,
TOTVEHICLFIN,
CAP1BONTN,
ASTERA CU,
SYNCBJCP DC,
MIDSOUTH FCU,
STMARYSBANK,
FST SW FNCL,
CREDITWEST,
CHASE TJX,
CALL FCU CC,
XAVIER UNVRS,
ST TAMMANY H,
W TEXAS FIN,
NECHHUNT FCU,
ACSGOALFIN,
ECU STUDLOAN,
NCSEAA,
CNL SNBLT CU,
CUOFGEORGIA,
SYNCBBRMART,
SYNCBHMFNCO,
MISSION HILL,
CCOOLEY AU,
CONSCRDTSVCS,
FAST FED CU,
RIDGELINE FI,
HSBCRMSTR,
LEGACY FCU,
AESCITIZENS,
MORRIS PLAN,
CBGDRMTMC,
PNC BANK NA,
BENEFICIAL,
RAYMOUR FLAN,
SANDY SPRING,
DBS FIN,
EDFINHSBC,
FRNKLNSEC BK,
CABRILLO CU,
GOALFGLELSI,
KENT CR UN,
WEBER ST COL,
FST HI BK RV,
KAUAI COMMCU,
FST FED CU,
FST NTHRN BK,
FST MTG CORP,
TEMPLE UN ED,
COAST HILLS,
PREFCUSTFURN,
SANTA BARBAR,
SAMEDAY AUTO,
KEESLER FCU,
TUSTIN CMNTY,
GOLD STAR,
TEXAR FCU,
ILL STDNT AS,
FAMILYSAVFCU,
CBMEIJERMC,
CCBTRVALDIS,
CCBAKC,
CBCREDO,
CBFMRWRDSVS,
CBATYLRMC,
CBDSWVISA,
CBSNLMC,
CBMRTHNVI,
ALEGHEN COLG,
PHFA,
POLICE FIRE,
STANDARD REG,
CBELDERB,
FT STWT GA,
SYNCBSEMA,
MISSION FUNL,
FIRSTTENNSBK,
SUSQHNA BANK,
INVESTAR BK,
SUNWEST MTG,
N INST H CU,
MOHELA BOFA,
MARQUIS CARD,
CITICORPTBNK,
LVG SPC FURN,
SYNCBFURNFA,
ALCOA COMM,
ACALNGLELSI,
BKOFARKANSAS,
EFR CORP,
WELLS ED FIN,
CAP1GUITR,
GENOA,
AESKEYBANK,
BARRY UNI ED,
CORP AM FCU,
ART INST ED,
FRST FIN FCU,
CARDINAL FIN,
FST CITI MC,
AESNFSLW1,
XLSEFR,
PROS BNK TX,
MIRACLE FUND,
CHAMP AUTO,
PIONEERLEX,
EDFIN,
FIRST CU,
PEOPLES COM,
DRIVEHERE,
HARLEYSVL NB,
AESWLLSFRGO,
PNCBKGLHEC,
NATAUTOACPT,
CLARION CNTY,
AESPHEAA,
INOVA FCU,
HMSAVAMER,
SYNCBCNTRYH,
FOUNDATION F,
WSECU,
WEFLFINANCIA,
DEPAUL UNIV,
NYMEO FCU,
PEERFORM INC,
PATRIOT FCU,
AUTOSMART II,
ONTIME FINCE,
CSCCARSTORE,
RI HIGHER ED,
WAVE FCU,
PASSUMPSIC,
DFASKC,
PACIFIC MRNE,
GOLDEN PL CU,
SYNCBJWLEXP,
GEN MILL FCU,
WFFNBSHCO,
MOHELAZIONS,
MRTBROKRGE,
FIRST FED BK,
AESHICLIFF,
AESXLSCIT,
WHITNEY NATI,
AESBRAZOS,
WFEFSWB,
CLEARFLD BT,
STWDFNCL,
COMM ST BK,
GCELFGLELSI,
AESMTASELT,
AES CLC,
ACSACCESS,
AESFCDB PSL,
PREMIER CRED,
CAP1CARSN,
XLSFORTRESS,
CPMCLKEWDAP,
FST BANK TR,
FNB BEARDSTO,
CAP1OFMAX,
GLASFORD BK,
IH MS VLY CU,
FRANKLIN CM,
LAND ROVER,
AUTOSFELIX,
CSE FCU,
KUBOTA CRED,
THE BANK,
CAMERN ST BK,
AESWSTMRLND,
MAVERICK FIN,
KEYSTONE FIN,
BERNS CAR,
INTOUCH CU,
FAIRFIELD BK,
MRCHNT ACCPT,
CONTL FURN,
SMART FINCE,
CREDITPLUS,
FST CAP FCU,
AUTO MASTERS,
SUNTRUST,
REDSTONE FCU,
SSTMJINVMN,
SUPERIOR CU,
NRTHWDS CU,
CALS,
HEARTLND CU,
HEARTLAND CU,
FDSB MACYS,
STER UNTD CU,
CMTY TR BK,
CENTRAL BANK,
SCOTT CU,
WASH SVG BK,
SIU CU,
IL DESIGNATE,
TBA EDUCATON,
XRIMZ LLC,
MAIN ST FNCL,
ROGERSJEWELR,
FRANKLIN TBT,
FAYFINANCIAL,
KEY BANK,
VIEWTECH FS,
FSTLIGHT FCU,
TIPPECANOE F,
TIPPECANOE,
CORNELL FCU,
UNION B  T,
BERKSHREBANK,
FEDCHCE FCU,
HUGHES FCU,
DIAMOND CU,
VALLEY LSI,
AMER HER FCU,
TDRCRENOVA,
HARLEYVLE SV,
ADRIAN CLLG,
CENTURY BT,
TX STATE BAN,
SYNCBCCA,
FFB ABILENE,
SAMCO,
UNITED ACCPT,
SONORA BANK,
GESA CU,
MIDFIRST BK,
TINKERVS,
WEOKIE CU,
VISIONS FCU,
AMER SVG BK,
LASALE NT BK,
GVT EMP CU,
CHEVRON FCU,
CNAC  RI101,
HELENA FCU,
BIG SKY FNCL,
TIMES FCU,
HICKAM FCU,
HI STATE FCU,
MIDWST LN SV,
SYNCBBECKER,
PARK FOREST,
SYNCBTOROCN,
FNB CONS DIS,
DFASCL,
DENALI AKFCU,
ALASK USA,
FIN PART CU,
POSTEL CU,
FST ENTRMNT,
VISTA FCU,
NY LAW SCHL,
ST MARYS UNV,
SKY BANK,
SANTAFCU,
ESL FCU,
PRIMESOURCE,
OTERO FCU,
TMGFINATIRA,
WSFS,
DELMARVA MTR,
NCB SO IND,
WSFS CHEK,
FRDMRDSINC,
INTERBANK,
WORLD ACP,
MCHENRY SVBK,
NATL AMER UN,
YES FIN ELK,
SYNOVUS BK,
COASTAL B T,
NEW SOUTH FE,
AL ST ECU,
UNIV IA CU,
UNITD BK IA,
CRAIGCU,
WIDENER UNIV,
FIN THRIFT,
UHEAASBR CO,
SIKOR CR UN,
NEW HVN CCU,
FT CAMP CU,
FT CAMPBELL,
BANCORPSOUTH,
COMPASSFIFCU,
PROVIDENT BK,
MID MN FCU,
METRO ED ENT,
HAWAII USA,
WHITNEY BK,
WGR,
FONDULAC CU,
EDSTHGLELSI,
FRSTFINGLHE,
STFNDGLELSI,
NEVADA CO,
UNITED HERI,
FIVEPOINT CU,
UNIV OF TX,
DRIVENOW,
CNAC  IL122,
SYNCBMICH,
NORTHLAND CU,
COMMUNITY TR,
CNAC,
SSTCIGPF1CO,
BELCO CU,
WINDOWWORLD,
GMFS,
DUPGCNTY ECU,
GA FED CU,
BADGER CU,
CBCMPNYST,
SYNCBSPCLZD,
UNITED FCU,
TORINGTOFCU,
FARMERS INS,
NUPATH CCU,
DOLLAR FIN,
PERSONAL CRE,
CRC L CO LLC,
HOLIDAY FIN,
EDFINCLNTHE,
IBC BROWNSVL,
EDFIN NTXHEA,
BBBCBNA,
TDRCMOVADO,
CBREEDSJE,
HOME FURNISH,
CHARTWAY FCU,
CHMPN MOTOR,
KEMBA CR UN,
SPEEDWAYSSA,
WFEFGLHEC,
CREDITFI,
AVADIANCU,
PPLSCMNTYBNK,
CLEARSTAR CU,
SYNCBDLARDD,
EATON NB,
ASCPNC BANK,
ISLU S BANK,
FNCL CENT CU,
AESNAT PROD,
ADV EQUITY,
LEGACY BT,
CAP ONE,
BARNEYS NY,
AMERICASLOAN,
VINTONBK,
FST COMNWLTH,
WELL FINAN,
WESCOM CU,
ZELKOVA ACQ,
BANCO POPULR,
FNB NOKOMIS,
ARMED FOR BK,
UNIVERSAL1CU,
SYNCBSEWING,
CIT FINC MV,
WESTSTAR CU,
MAS FINANCIA,
ALTAONE FCU,
MOR4LESS,
NUMERICA CU,
METRO HEA CU,
ASSOC LN SVC,
NELNETGLHEC,
TELHIO CU,
FNB FT SMITH,
PIONR MIDCTR,
FST MDWST BK,
AMAZONCOM,
AESAMHEFCU,
AESPNC BANK,
MEMBERS PLUS,
CHRSTN FN CU,
RED CANOE CU,
ERIE COMM CU,
EAGLE COM CU,
SYNCBTOURNE,
ROBERT MORRS,
CAP1POLRS,
CNAC NC 108,
SYNCBAMERTR,
SYNCBTIREDS,
SMART FIN CU,
WAKE FORE ED,
FIRST COMMCU,
ACSUSBNA BR,
HIGHLNDS BNK,
ACBA FCU,
ALLEGHENY CO,
WESTRLY COMM,
NATL CTY CRD,
FIRST USA,
HALL SER FCU,
SOUTHSTATEBK,
BK OF NY,
STELLARONE,
HCAC FIN,
FRST CENTRAL,
EVNSVLE TCHR,
MONTANA S ED,
FIRST SEC BK,
CNAC  MA102,
HOPEWELL CU,
STANDARD FNL,
LEROYS JEWLR,
FIFTH THIRD,
COLUMBUSFIN,
AES SLX,
NCFC,
SUMMIT FINAN,
LAKE MICH CU,
COMM RES FCU,
SARATOGA NB,
PARTNERS TR,
SAFEHOME SEC,
CARMEL FINCL,
GA HOUSING,
FST FED DEF,
TDRCCHOICE,
SYNCBPAULTV,
SYNCBAMTR,
FST FED BNK,
TONY JOES,
PREMIER FURN,
FREMONT INV,
LOGIX FCU,
GO FINANCE,
UTD CRD MERI,
EDU SVCS FOU,
FACTOR PT BK,
TOWER LOANS,
SCE FCU,
TDRCSCA SMA,
GERMAMBANC,
FREEDOM CU,
FARM BUR BNK,
MTY FED CU,
ARMY AVIATIN,
VACATIONL CU,
DILLARD UN,
UNIV KENT CU,
WILSHIRE CRD,
PNHNDL EDFCU,
CENTRAL CU,
INOVATION CU,
STURDY CU,
CHESTERFIELD,
FOX COMM,
CBWESTGATE,
NATLPENNBK,
VALOR CU,
MIAMIGO AUTO,
JSC FED CU,
UNITUS COMCU,
ADVANTIS CU,
FST ST BNK,
MARINE FCU,
AK PSTSEC ED,
AMERICAN  ED,
CBFRTNOFF,
MAGNOLIA SB,
MCMC,
WILMINGTON,
FST ST FCU,
WILM TRUST,
MOHELAUSBK,
CNACIL124,
FIRSTBANK,
SEATTLE DSHS,
ND DPT OF HS,
AUTOCREDINC,
1ST COM FCU,
CONRAD ACCPT,
CCBLNDINGCL,
TALBOTS,
COLONY SHOP,
THCOMM AMER,
PINNACLE BK,
MUTAL SVG CU,
LYDIA CLADEK,
WRIGHT PATMA,
SYNCBARKFRN,
CNB HNDERSON,
LA FIESTA AU,
MIDWEST FIN,
MARINR FINC,
PATRIOT LOAN,
WASHNGTN DRS,
SPILLER FURN,
MCT FCU,
USALLIANCE,
EDU FINANCE,
SYNCBCC1DLR,
SOTXFEDCRUN,
EDG TEACH CU,
UNIV WIS CU,
MAD GASELEC,
TCF NTL BNK,
TOWER CREDIT,
SLPPRY ROCK,
ASFS,
SYNCBHOM,
HERMANTOWFCU,
TD BANK,
COASTAL FCU,
SYNCBGHFURN,
CNACAL109,
SYNCBFINGER,
SYNCBMOHAWK,
STARK FCU,
CANTON SCHOO,
BALL ST UNIV,
NAVYCUGLHEC,
CTBNKGLHEC,
PC FINANCIAL,
SW COLLEGE,
LOANNOW LLC,
CDC FED IL,
LORAIN NBK,
PHILA CO DRS,
PRIME TST CU,
WINGS FINCL,
TOPLINE FCU,
ASSCTDGELSI,
BK ARKS MRTG,
SYNCBINDFNR,
ORANGE CO,
FASTCRDT FNL,
AMERIFIRST,
AMEGY BNK TX,
CCBTIGERDIR,
PIMA FCU,
TNT FINANCL,
PIONER ML WA,
CARCREDT,
W AMERICA BK,
SYNCBKANESF,
HC FNCE,
HARBORSTN CU,
BRADLEY UNIV,
PURDUE FCU,
SYNCBSPORT,
HONOLU FD CU,
UASNWESTFCU,
COMMWEALTH,
TXTCU,
TX EXCHNG BK,
WFREC FCTRY,
CANTO SCHOOL,
AUTO LOAN,
NUVISION FCU,
SAN CLEMENTE,
BEVERLY FIN,
CCBIDLIMG,
LEWPORT EFCU,
RIVERSIDE FN,
CFS AURORA,
EARTHMVR CU,
L E O CR UN,
CNAC  OH110,
ERE CMTY FCU,
BLUFFTON COL,
FRKLN MT FCU,
CADENCE BANK,
STAR LOANS,
AUTOMAX,
DRUSSELL CAR,
FLORIDA CRU,
MOR FURNITUR,
SWSTSVGLHEC,
DNBMATTRESS,
WILLDEALAUTO,
CHILD SUP EN,
MECHANICS C,
AFFINITY FCU,
HOUSTON FCU,
FNB DRYDEN,
TRUMARK FIN,
CONNEX  CU,
CNAC  PA116,
SYNCBMATWHS,
UASBALBOA,
EMPIRE FIN,
KNTCKIANA FN,
FNB PAND OH,
HOSPTLTY FCU,
SYNCBFRDMRC,
TEXAS BANK,
SYNCBSAMASH,
HOME FIN CTR,
TROPICAL FIN,
CORNING FCU,
PRIORITY BK,
KEMBA FIN CU,
MERCHANTBANK,
CAPSTONE BK,
MCKINNEY INV,
US EAGLE,
ACSSLMTRUST,
CLC CONSUMER,
1ST NY FCU,
FIN PLUS FCU,
CAP1COSCO,
U WASHING ED,
ASSURANCE CR,
SYNCBMATFRM,
VIEWPOINT BK,
AMERICAN ENT,
FREEDOM LNDG,
MBR FST VISA,
NWEDUCATION,
HARDING UNIV,
CREDIT CAR,
ACSLEXINGTN,
GLENSFALLS N,
GONZALEZ FUR,
AAA COMPANY,
CLARK COL ED,
SACRED HRTCU,
CTZ COMM FED,
CENT MN CU,
MIDCENTSAVBK,
FNBHENNING,
U HAWAII ED,
RIVERSET CU,
SSTJPMC,
COMMUNITY BK,
UNION BK,
CAP1BIGLT,
VALUE AUTO,
MATRSS DISCN,
HCCREDITCIT,
360MORTGAGE,
XCEED FINFCU,
ACSGLDNTREE,
AESPHILA CU,
TDRCGROUPUS,
SUNMARK FCU,
MAJR FINANCL,
ENTERGY NO,
LA CTRL CU,
EDSRVGLELSI,
SENTINEL FCU,
EDSERGLELSI,
MERIDIAN FCU,
PVBSCTTBLF,
W HERTAGE CU,
TDRCLUX JWL,
GOODWILLFIN,
MIDWEST BANK,
FREEDOM FCU,
CNAC  VA102,
SYNCBQUEENC,
FORRESTCTBK,
CONSOL PLUS,
MARSHALL MUS,
SECNTLMORTG,
ILLI ST BANK,
OLD 2ND NLAU,
HICK PT BKTR,
NORFOLK S ED,
SYNCBBIGSCR,
DOMAN SALES,
AESEDAMERIC,
PREFRDAUTOCR,
RESOURCE ONE,
MUNIC EMP CU,
STUMPF MOTOR,
CIZFSTGLHEC,
LOUPECU,
SYNCBBEBE,
HINSDALE BT,
TARHEEL OL,
BANKPLUS PIC,
ENVISION CU,
MONCO FIN,
FINANCL BFCU,
INDIANA UNIV,
SYNCBLANEFN,
WEST MI CU,
EMERALDCOAST,
US BKGLELSI,
BETA FINANCE,
UW MADISON,
PRK NTL BK,
CME FED CU,
DEAN COOP BK,
CRESCENT CU,
STR ONZD FCU,
NDFCU,
5STAR BANK,
RELYANCEBANK,
COMMERCL BK,
ISPC,
CRBGREENSKY,
EVERMAN PCU,
SYNCBLANEGA,
TUCOEMAS FCU,
BALBOA  LOAN,
PNCBNKGLELS,
CHASEGLELSI,
SYNCBAPPSMT,
SYNCBUSABAB,
DHI MORTGAGE,
IBOC MTGS,
LOAN TO LRN,
N SKIES FCU,
COMMBANK,
MUCFCU,
CNTRL CTY CU,
GRANITE STCU,
AES  ESA,
EFS SERV INC,
TWN  CNTRY,
EDFINMAINED,
CO CHILD SUP,
NRTWST LAFCU,
LEGENDSFIN,
FLDTRPCU,
NEGHBHD CU,
ADONISAU,
ACCLOANCOMP,
FRANKENMUTH,
ABCWAREHOUSE,
CLECO POWER,
FIRST FIN SV,
MAGEEFINMAND,
NE FED CU,
BAL WASH FCU,
CNAC  IL115,
NETBANK,
CNAC  PA112,
RELIANT FINC,
OLEN RLTY NV,
NEW DAY FINA,
CREDIAUTO,
XPRESS FINAN,
W MARYLAN ED,
SUNBKGLELSI,
CITIBAGLHEC,
CNAC NV102,
PHFAHEMAP,
ESB BK ELLWD,
UNIV OF SD,
BAMA LEASING,
CIT FINC BVR,
SYNCBMORRIS,
HONDA FCU,
CENTRALILCU,
STALEY CU,
BUSEY BANK,
MAIN ST BANK,
DPENDBL CRDT,
NAT CAS LP,
BUCKEYEFIN,
SERV ONE CU,
LEWISBURG BK,
CBUNDRGR,
CNAC IL121,
QUALITY FIN,
COLFINCO,
ALTER FU CU,
CITIZENS CO,
INOFIN INC,
PNC  CLC,
PEOPLES CR,
FRANKLIN FIN,
TROPICAL FCU,
CBMAYORS,
CBLEVIN,
WESTMARKFCU,
EDMANAGE,
LACKS FURN,
BURBANK CITY,
NATWIDE NWST,
MS CENTR FCU,
CNTRL FL EDU,
ROLLINS C ED,
FIRST AMDMI,
NRSTARGLHE,
CBAMHMFRN,
CHATHAM CLLG,
FNGRLK FCU,
SYNCBSKFAM,
STBKBIBBCNTY,
STBKJONES,
METROWATER,
TUCSONTELFCU,
AUTOLANDLLC,
SRVCFRST FCU,
FSTBNKTRST,
QUORUM FCU,
HSBCMS,
HOMESERV LLC,
COMM SVC CU,
BUCKEYE STCU,
KYC SLGLHEC,
NO FIREMN CU,
FAM CO KINGS,
E AUTO KNOX,
TD BANKNORTH,
CCBTYRDVISA,
FIRST FIDELI,
NORTHWEST BK,
COMPASS VISA,
CNAC  FL137,
FT LEE FCU,
NM ED ASST,
GLENVIEW ST,
IMORTGAGE,
MHESLAGLHEC,
REGIONS,
KENT ST UNIV,
EDMONTON BK,
ABC FINANCE,
COMM  STHRN,
WESTCHEST ED,
AES SOVERGN,
HI PAC UNIV,
ACSVILLAGE,
CBBRKSOLT,
CBHOTTOPIC,
WILDFIRE CU,
UNTD FIN CU,
SHELBY CO BK,
COL UN FCU,
SELFHELP CU,
TELCO CU AFF,
MIDWEST FCU,
AESFULTON,
CDCLONGISLAN,
CBLEWMGRM,
LAWRENCE FCU,
CENTURY BANK,
WHITNEY ALA,
CBAMER,
OK USED CARS,
U NEBLIN ED,
FNB PARAGLD,
FNB OF LA,
HORIZON BANK,
URSULINE  ED,
CAL HOUSING,
NUSENDA FCU,
AMNTL COM SV,
DOMINION CU,
FNB DENNISON,
BRAZOGLELSI,
DOVE PHIL CU,
WEST AIR COM,
WARREN FCU,
PRESTIGE AU,
ZALESJ,
VENTURA CU,
TEXAS WARANT,
AVIDACCPT,
DUPONT CU,
NOVA SCOTIA,
WAYNE STCOLL,
BOULEVARD,
GCS CU,
MAGNOLIA FCU,
OK MTR CREDT,
ABU AUTO,
OR COMM CU,
GUARANTY BK,
PMH FINANCAL,
ARDMORE FIN,
SYNCHRONY,
USDA RUR DEV,
ANCHORGLHEC,
COMMERCE BT,
WYNDHAM VACA,
CMNWLTH AUTO,
1ST COMM BK,
LN FCU,
ACSSTDNTCU,
BGSU,
QUINNIPIAC C,
REDWOOD CU,
SHARON WOODS,
CNAC  KY103,
CAPITOL DISC,
DELAWARE DRS,
TDRCPILGRIM,
FRKLN TR FCU,
CRCU,
COLLEGGLHEC,
GRHMUSEDCARO,
FIRSTMERIT,
DIRECTIO CU,
EMPIRE CR UN,
RICHLAND TR,
U MARYLAN ED,
1ST METRO FI,
ELECTRO CU,
PEOPLES UNTD,
NRL FCU,
LEE UNIV ED,
GRD SVG BK,
KALEIDA FCU,
CHOB FEDERAL,
KEY EDUGLHE,
VT TECH COLL,
FIRST FINCL,
BSI MTG,
SACO VALLEY,
GREENVLL FED,
SUNSHNE SVGS,
VALPO UNIV,
ASHLNDEMP CU,
BERKS CO DRS,
CCBALS,
SF FIRE CU,
DPT OF CORR,
ABILTEAC FCU,
UNISON CU,
WORLDFINANCE,
MIDTOWN CRED,
NMARCUS EFCU,
CCBPRMDSG,
HANSCOM CU,
EDUCATORS CU,
W CARO UNIV,
PRIME ACCEPT,
MOCSE FED CU,
SHORELINE CR,
PENHABITAT,
SYNCBTKINGD,
WMICH ST ECU,
ALLEGANY FCU,
LAONA ST BK,
CMG MORTGAGE,
OK EMP CU,
1ST PPLS COM,
LANCSTER DRS,
AUBURN UNIV,
FRIENDLYAUTO,
FST CMNTYFIN,
FINANCEPOINT,
VA  H D A,
SKYWARD CU,
BRAZOSGLHEC,
UWW NDSL,
IQ CU,
COLUMBIA CU,
AESGOAL STR,
GOLFIGLELSI,
1ST FINANCAL,
121FCU,
CNACVA 107,
UVA PHYSICNS,
CARLSBADNABK,
ROY WILL FIN,
FSCU,
FREEDOM,
NICE CARS,
F AND F FCU,
AMERICAN SB,
SYNCBAAMCO,
NAVIGATOR CU,
DEALERS FIN,
ELGA CRE UN,
SECURITY FED,
ACNBKGLHEC,
GEN ACCPT,
FST SVC FCU,
HAPPY ST BNK,
LUBBOCK NB,
BK TEX MRTG,
C BK SVG FSB,
COOP SVC CU,
AMPHIB BASE,
MICHIGAN ECU,
CAP1ARTVN,
HEARTWELL MO,
MI ST HOUS,
JP CAPITAL,
EDSOUTH,
CTLMANGMNT,
HAPO,
RPM AUTO,
CNACSC114,
GENESJEWELRY,
LOCAL LOAN,
FR NTL COMM,
USC ED,
DARIEN RWYTN,
ACSWCHEDFIN,
EDINBORO UNI,
AESBONY,
FIN  THRIFT,
GLAS CITY CU,
AESCITIBANK,
AESNATL COL,
CRESCENT MTG,
CNTRL PAC BK,
DOCO SCHL CU,
HERITGE BK,
CS FIN SVCS,
BK OF URBANA,
SYNCBULTMEL,
LLOYDS CARS,
NM ST LN GUA,
BK OF BELEN,
DEL MAR FIN,
CANANDNB,
1STSOURCE BK,
SYNCBHUPPIN,
SAN DIEGO CO,
BRNHALFINSRV,
TRUSTMARK,
NCTRYFCUVISA,
NORTHCTRYFCU,
USX FCU,
KITSAP CU,
WIDGET FCU,
CNAC  OH105,
AESWELLS FA,
SSTWCT,
FIRST CASTLE,
CITZ SVG BK,
TELCO FCU,
JEFFERSON BK,
TIME AUTO,
PERIKO AUTO,
AMERIHOM MTG,
GCOELGLELSI,
QUEENSTWN BK,
AAGFINANC,
PEOPLES BK,
CONS RESORTS,
COMMUNITY CH,
AUTO WORLD,
TOMMYSAUTO,
ACSBARCLAYS,
HLSNEVADA,
CNAC  AZ101,
VERVE A CU,
BEST ADVANTG,
HEARTLAND CR,
BAYR HTG CU,
MEMPHCTYECU,
SYNCBSTEINH,
SYNCBMEIJRD,
CFC AUTO CRD,
CCBAKC,
CBCREDO,
CBFMRWRDSVS,
CBATYLRMC,
CBDSWVISA,
CBSNLMC,
CBMRTHNVI,
ALEGHEN COLG,
PHFA,
POLICE FIRE,
STANDARD REG,
CBELDERB,
FT STWT GA,
SYNCBSEMA,
MISSION FUNL,
FIRSTTENNSBK,
SUSQHNA BANK,
INVESTAR BK,
SUNWEST MTG,
N INST H CU,
ACAPITGLHEC,
1STCTYSAVFCU,
TUITIONOPTS,
CBJUSTICE,
MINN VLY FCU,
CT CHILD SPT,
PURPCOWFIN,
BUF POLI FCU,
FTL FINANCE,
VALLEYCOMMCU,
WAUSAUGLHEC,
SCOLLEGETN,
CTRLBK SEDAL,
PARRA LOAN,
BW FIN CO,
VITEKMORT,
LAPFCU,
ACSXENITH,
CCBVITACOST,
GUILFORD  ED,
ACSWSTPTFCU,
RENT PAYMENT,
CONSUMER CU,
LJC JAMES AL,
USAUTOCREDT,
MAC,
SAN JOAQUIN,
BRIGHTSTARCU,
SC STATE CU,
SYNCBNFADAL,
SYNCBHDOUTD,
CBCOLDWCMC,
EXPOCBNA,
HUMBLDT CNTY,
SISKIYOU CO,
WORLD FINAN,
DEXSTA CU,
PEOPLE FCU,
CAPITOL AUTO,
NTL BK OAKHB,
MEMBERS FIN,
ART INS CLA,
MAINLINEHFCU,
ACADEMY BANK,
UNIV OF TULS,
DENMARK ST B,
SHPBLDRS C U,
MMGMT CNSLT,
NORTHROP FCU,
GSO MUNIC CU,
1STMRTGLELS,
KING OF CARS,
USBNKGLHEC,
ABC AUTO FIN,
MODERN FIN,
CNH IND CAP,
SPIRE CU,
LA CANASTA,
SYNCBNOVA,
BANK OF CAST,
NDSLSC,
FST INTL BNK,
SYNCBHMEFRN,
OKEMAH NAT B,
FST NTL OKMA,
LA FEDL CU,
ECENTRAL CU,
COMMERCE FCU,
MEMBERS EXC,
MAINSTREETCU,
COVGTN CAPTL,
FST BK  TRU,
CNAC  IL128,
RIVERVALLEY,
AES CIT ED,
ACSNELLIEMA,
RDBRIGHTON,
ALL FIN AUTO,
HUD FCU,
JAGUAR CRED,
NATWIDE SE,
CIT FINC REY,
HM AM MTG CO,
IBEW PLUS CU,
CENLAR MTG,
KY TELCO CU,
FRNTR CCU KS,
TRUENO FIN,
EMERALD FUN,
ACE LOAN CO,
STCAPGLHEC,
GREAT WI CU,
MIDWSTRNFNCL,
FNB CENTL TX,
CITY NBKILG,
TRUECORE FCU,
MEREDITH  ED,
WTBYTELFCU,
CNAC  IA109,
OH DOMIN COL,
MUSKNGM CLGE,
BC SANTANDER,
COOP CAMUY,
FIRSTBANK PR,
AUGUSTA VA,
PULTE MORTGE,
RBSNB CC,
CNAC  SC105,
GETAUTOSALES,
GRANITE CU,
UHEAA,
LIN GOODYEAR,
CHACON AU,
AESUSBELT,
SYNCBPARKW,
DOLPHIN FIN,
SYNCBSLEEPC,
VERITY CU,
SLMAEGLELSI,
MARTIN MOTOR,
ACC CONS FIN,
GATEWAY MTG,
MEADVILLE AR,
COMERICA BK,
FMPLATTSMO,
FST STATE BK,
WASATCH PEAK,
BK JCKSN HLE,
MARLTON AUTO,
ACSALLSTDNT,
BUYRIGHTCOM,
WESTERN FUND,
ALABAMA CU,
KY HOUSING,
REG FIN CO,
BRITE FINAN,
WESTBY CU,
HORIZON CU,
CCBALPCOS,
CCBMESA,
UMPQUA BANK,
BLAIR CO DRS,
MM BANK,
EDFIRST CU,
EVERGREEN CU,
AHFA,
HOMESTREET,
MOBILOIL FCU,
WYHY FCU,
RALLY MOTOR,
CCBMYSMLECR,
LOANDEPOCO,
CBSHOPNBC,
AMSSGROANO,
ROANOKE C ED,
NORTHEASTERN,
ALAMEDA COUN,
FIN AT VALUE,
MARCH AFB CU,
ATLANTA POST,
HEALTH AM CU,
SYNCBORECK,
CITZPYPLFM,
FST ST DEQUE,
ARCHILDSUPPT,
DIAMND BANK,
SUN LAON,
PELLA WINDOW,
FOURSEAS,
WFFNBHONDA,
AESEFRIII,
NEW AMRCN FU,
GAS OWN CU,
GREYLOCK FCU,
1BKDESGLD,
SYNCBWOLRDM,
CAP1BOSTN,
CENTRAL BT,
METROLINA,
BAXTER CU,
ATT SERVICES,
HSBC CC,
LEASE FINANC,
WESTERN AUTO,
AERO FCU,
CENTNL LEND,
TRUWEST CU,
SYNCBDSCTTR,
NC SH EMP CU,
PRIME FCU,
WHEDA,
HERITAGE CU,
1STVOLUNTEER,
NOBFINCLEVE,
AESEFR,
DSCVR SRTGA,
NE PA SCHOOL,
BOWIE STA ED,
CIT BNK CV,
UNIV MICH CU,
TOWNE MTG,
FST MUTUAL,
BETTERWAY,
CNAC  IL105,
FRMR  MERCH,
CIT FINC MAD,
LKEVIEW FDCU,
SYNCBHDFLRC,
CIT FIN SERV,
AEGIS MTG,
CITI RPL,
KENTLAND BNK,
THE TENN CU,
ACSSTDNTFND,
LEGEND BANK,
UNION SQUARE,
PREMIER BK,
RIVERFALL CU,
MISSOURI CU,
LEGENDS BANK,
CORE BANK,
GREAT WESTRN,
DEC EARTH CU,
TOWN FINAN,
FSTHERITAG,
CUSTOMERS BK,
ROYAL PRESTI,
SYNCBHDHVAC,
SLXPRGLELSI,
ENERGY FD CU,
VVAUTO CNTR,
HRTLND AFCU,
MEMBERS FCU,
EXTRACO BNK,
SYNCBLNCMRC,
NEWRIZON FCU,
FST CATH FCU,
MICHIGAN CCU,
CNAC  IN117,
PREMIRE AUTO,
GLENBROOK,
SW ACCEP FIN,
MO CHLD SPRT,
BANK MIDWEST,
NODAWAY VLY,
SUMMERS MTRS,
UNITED BANK,
FARMERS BT,
WEBSTER BANK,
AMALGAMAT BK,
CONSUMRS FCU,
SYNCBLOWBRCP,
ANLFINANCIAL,
FL PARSH BNK,
FNB LAGRANGE,
PERSOFINIL,
ST BK OF IL,
TDRCTOURNEA,
PROVIDENT CU,
ESSA B  T,
UTMCO FCU,
UACCARHOP,
CNAC MD102,
US FCU,
STLNXPRGLHE,
HOME POINT,
HOLMES CTY,
RAY SKILMN K,
COMM SO CU,
CTZN BNK FAY,
LAND OF LINC,
RIDETIME,
ELDORADO MTR,
AES EFR 1,
EVERGREEN,
IBC,
GATE CTY,
FST FRKLN FI,
DAIMLER TRK,
FHUTCREDADV,
LAZBOY FRN,
CITZ NAT BK,
COMMRCL BK,
NAVY ARMY CU,
UN COM BK KY,
COLONIAL COR,
SMITH ROTH,
WHIT COLLEGE,
COLUMBUS FI,
RR  IND FCU,
CAROLINA FED,
VILL CP  IN,
CRDT UN WEST,
AZ CNTRL CU,
HUFFINE CHEV,
RPM AUTO GRA,
FST INDT NBK,
MAYVILLE SBK,
TSB BANK,
PRMY CAP AD,
ACCEPTED CRD,
GUTHRIE CU U,
GUTHRIE FCU,
BNK ATLANTIC,
ALASKA USA,
EXCHANGE NTL,
TALERIS CU,
WATERLIGHT,
ACSJPM CHAS,
UNCW ED,
AIRFORCE FCU,
CLHNLBTY ECU,
DEALERFUND,
NTL AUTO LND,
SUMITMTG,
AES DEUTSCH,
AESFCBD,
CIRCLEBKLEND,
MANHATTAN ED,
KERGLHEC,
RIVER CFCU,
ALAMO COM CG,
AUSTIN BANK,
SKILLMN OLDS,
DOVER FCU,
MOHELASOFI,
SAFTRU STDN,
DFASDE,
RELIABLE MTR,
BNK OKLAHOMA,
AUT FIN USA,
MONEY TIME,
COM IN GRP,
UAB ED,
AESHANCOCK,
AESMHESAC,
SPELMAN C ED,
UNIONCOMMBK,
CITICBNA,
RESORTS,
SYNCBTAFTEL,
DIME SV WILL,
NORTHFORK BK,
HSBCHLZBG,
CCBALPVIS,
ALTIER CU,
PURVISFIN,
CONSUMER CH,
CLARK CNTYCU,
MARATHON CU,
SOLIDARTY CU,
BRAGG FCU,
1ST TX AUTO,
N DALLAS BT,
GRTR ACCESS,
FIRST ST FIN,
AUTOFIN CRED,
FIN HEALTH,
FST COLL BK,
ALBERTS JEWL,
ASC1ST NATL,
CAMBRIDGE AU,
AMERICAN LEN,
HFHNORTHARRI,
ACSCLSF,
BLUERIDGEAU,
BOND FINANCE,
JACKSNCOMFCU,
CENTRL MI CU,
FSB CEN TX,
CARS FINANCL,
SW HRTGE CU,
FT KNOX CU,
FIRST FED,
UM ST LN OPE,
DARTMOUTH CO,
GLACIERHLSCU,
UNIV MTG CRP,
NATIONALCITY,
IAA CU,
PRAIRIE FCU,
PRAIRE FCU,
VACOMMBANK,
U OF I CHICG,
BK PONTIAC,
NOLANBROTHER,
UNVRSL FNCL,
VITALFCU,
HERITAGECRED,
1ST FINANCL1,
UNIV KY FCU,
LANDER UN ED,
ACSUBS,
BF AUST LLC,
NO EASTON SV,
TIB BANK,
COMMTY ST BK,
HSBCPARIS,
BELGRADE ST,
CCBMPTSVI,
CBOVERTONS,
E LOANSST,
FNBCBANK,
U MONTANA ED,
PROVIDNT FND,
VLLY BK HLNA,
FAM IMPERIAL,
SUN COMUNITY,
UNITED SE CU,
PEOPLE BANK,
CIC FUNDING,
PRIZM FINANC,
IDHSNGAGNCY,
SYNCBWOLFFR,
JAMES MAD ED,
AUG HLTH CU,
CHOICE CU,
EVRYONE DRVS,
UNIV OF VRMT,
SMAEGLHEC,
ANDREWS UNIV,
UNTD SVRS CU,
UNIT SAV CU,
ADVIA CU,
EDUCATIONAL,
BURKEHERBRT,
AFFDBL FN,
CENTRA FCU,
LK CTY EFCU,
AMERICAN CU,
MB FIN BK NA,
GRENVILE COL,
ADPHIGHLAND,
SHAREFAX C U,
WANIGAS FCU,
SUNRISE FAM,
THE 1STANBA,
UNITED BK,
CNAC  PA101,
CAP1LUCKY,
TVFCU,
MARQT FST FD,
TAMMACHLDCRP,
UNIT CONS CU,
FIREF COM CU,
HEIDLBRG COL,
ABSOLUTEAUTO,
IVAN SMITH,
AMER BUDG CO,
ATLANTIC DIS,
COVENANT BK,
PUB SERV CU,
JONES BKTC,
TUC OLD PUEB,
HOU FIRFI,
MASCOMA SVGS,
METROPLEX AC,
MIRACLE FINA,
AURORA BANK,
WSTMNSTR COL,
MSUSTLN,
COMERICGLHE,
ACTIONCARD,
FRANKLIN CAP,
AESACAPITA,
VALLEY ISLE,
PREVAIL CU,
OCWENMORTGA,
CP FCU,
SECPLUS FCU,
CITZ BK CRTG,
HELM ASSOCS,
CHOICE ONE,
OEHRLEIN,
CHASE MAACO,
NEVADA ST BK,
STEARNS BANK,
FSTFED VALD,
FSOURCEFCU,
MASS HOUSING,
PREMR COM BK,
FED FINANCE,
OUR CU,
STARBKGLHEC,
STDTLNGLHEC,
AL WILLEFORD,
LOFI MOTORS,
RELFINLKJACK,
INFIRST FCU,
ST BANK,
UNITY CATHOL,
LANDMARK BNK,
OCWENGMAC H,
TVA FCU,
KROGR FIN CC,
HABFORHUM,
BEALLSGNB,
MUTL SEC CU,
HIWAY FCU,
SHERWD ST BK,
BUF METRO CU,
SING RVR FCU,
VA ED CR UN,
FNB DANVILLE,
AESEDUC LN,
MIDOHIO ACC,
HOUSEHOLD,
N ILLNOIS U,
PCM CU,
TOWPATH CU,
MOBILITY CU,
WFFNATBANK,
1ST COMM CU,
FINONECU,
HERITAGE,
MSU ST LN,
MUSK COOP,
CLOVER LEND,
WESTSHORE BK,
ABERDEEN FIN,
SURETY FINAN,
SUPERIOR FCU,
UCTRL ARKAN,
1ST UNITD BK,
EDFIN USBANK,
ACSSTHEA,
UNV INCARNAT,
AESFSTFIDEL,
MARQUIS MAST,
SYNCBSUZUKI,
BARKSDALE CU,
GLOBAL NETWK,
MARION CLLGE,
PREFCUSTMISC,
CHIEF PONTIA,
MSU DELINQUE,
BEST SRCE CU,
CASA DSCUENT,
CITIZEN SVGS,
HOPEWELL FCU,
WYO CENTRAL,
HILLTOP NB,
UIOSAC,
ACSEDFNPART,
PENN EASTFC,
SEACSTNATBNK,
ALLIANCE BK,
MAUI CTY FCU,
AES PHEAA,
PULASKI BANK,
MY CHOICE,
77TH ST DEPO,
SYNCBCARCR1,
WLS FARGO BK,
ROTH REALTY,
FST COMM FIN,
CREDIT PLAN,
EL PASO TFCU,
PENINSULA BK,
KINETICU,
SYNCBMATDSC,
AESNCBPNC,
ACSSLMA,
ETRADESST,
AMERIFINANCE,
REDROCK FIN,
OHIO EDUC CU,
UNITED FURN,
STANTONLOANS,
EVOLVE FCU,
IMCU,
PREMIERACCPT,
SPDWYCARSLS,
DVRSFD MEM,
FNB DRLNGTON,
TDRCBRDRVR,
BK OF NO,
METAIRIE BT,
SPALDING UNV,
FOUR SEASONS,
COMM CREDTUN,
COMM EDUC VS,
CAPCOMM FCU,
TOTAL CHOICE,
MOHELACPSO,
TRUITY CU,
TRINITYPERK,
HILND P ACPT,
BAXTER ECU,
GFA FCU,
AGCU,
BRIDWATR,
HAVERTY FURN,
WYTTJHN AU,
APCI FCU,
AURGROUPFIN,
VAN DYK MTG,
DEALER FIN,
GUARDIAN FIN,
B HILL AUTO,
CSTL COMM BK,
SPRINGFIE ED,
UARK FED CU,
HOOD COLL ED,
MERBUYGROUP,
MTSU,
WESTERRA CU,
CONWAY NTL,
MID MO BANK,
SYNCBCC1IND,
ADVTACRDWKS,
ALRIVCU,
ACSMHEAC,
PARTNERS FIN,
UWSP PRKNDSL,
FINANCIALEDG,
MBRFSTMTG,
CREDIT UNION,
OCEANBCHCLUB,
ISU STU LOAN,
BLKHWK FIN,
STAR FNCL BK,
LOC FED CU,
INTRSTE LND,
THEMONEYSOUR,
FIRST IND BK,
LORMET CU,
SSTCZ2008,
CRESCENT JWL,
ACA1ST INVE,
CNAC  GA102,
FLCU MTG,
PATHFINDER,
OSWEGO FCU,
EMPIRE FCU,
SCORE FED CU,
FSTSTBK VALL,
PEOPLES AUTO,
WVU,
ERIE FCU,
MANHATN SVGS,
SYNCBLMSUPP,
CITZ NTL BK,
CITIZENS NTL,
THIRD FED SV,
POSTCOMM CU,
PB COTTONBEL,
UNIV OF AR,
TRINI FED CR,
BK OF MCKENY,
BALTMR EFCU,
LAKEVIEW FIN,
BADGER BANK,
NTLBK SYCMRE,
BYRON BK,
AMERICAN MID,
ELEKTRA CU,
PREFCUSTREC,
KEMBA LOU CU,
CHESSIE FCU,
AESPA STECU,
AES BENEFCL,
LA SALLE UNV,
GREATE TX FC,
RELIABLE FIN,
DAB LOANS,
LFDLAREDO,
AEA FCU,
UNTD CTZN BK,
HUDSON RIVER,
VONS FCU,
BEACON FED,
SCHOOLEFCU,
TDRCSIGARMS,
EAGLE BANK,
COM BNK INC,
HARVSTR FNCU,
TN TEMPLE U,
TEXAS COMMUN,
ST BONAVE ED,
COOSA FCU,
FRFLD NTL BK,
CNAC  TX112,
SSTCIGPFICO,
SRVFINCO,
PIONER ML GA,
KNOX COLLEGE,
RELIANT FCU,
DIXIEFINCO,
ASNY,
COMMERCE CRD,
AMERICHOICE,
FNB SALEM BK,
SYNCBHANOSH,
RIO GRAND CU,
MY COMMUNITY,
CITIZENS FCU,
WINSOUUTHCU,
TRIANGLE CU,
UNIVAMERMTG,
HI PAC FCU,
SH FCU,
HAWA CTRL CU,
TNB NEVADA,
COMM BNK,
AG CREDIT,
ENCMPASS CU,
STANDARDFURN,
CNTRAL ST BK,
SYNCBRBDSOH,
ACSPNCBANK,
WOODWARD FIN,
SURE FINANCE,
STOCK EXCH B,
YES FINANCE,
RIPCO CU,
NICOLET CU,
XLSCIT BANK,
LCLMNGMNTLLC,
TAMP BAY FCU,
HARRISON FN,
BANNER FCU,
SYNCBROOMST,
MARKS BROS,
SUN FED,
PROVIDENTFIN,
COMNWLTH CU,
SYNCBFLEXPL,
BANK OF WEST,
VIRTUAL BK,
Y12 FCU,
SYNCBJCP PP,
BAKER EFCU,
VALLY NTL BK,
HERIT COM BK,
SAAB FIN,
1ST ST BK,
IBM SE EFCU,
CREDIT CNCPT,
MONEY ONE,
TX PRTNRS CU,
SCHEWELL FRN,
UFIRST FCU,
MRAVIAN CLGE,
WOLFFORTH AF,
CFMC,
BROWARD SCHL,
BMG MONEY,
AVE BK  TRU,
ID CENTRL CU,
SERVICE 1 CU,
HCCREDIT,
WF PLL,
MID AMER C U,
ST FIN LEX,
FRMR  SV BK,
1ST TRUST BK,
SRS CHLD SUP,
CNTL ST CU,
AES KEYCORP,
ROYCE MOTORS,
INSOUTH BANK,
POST OFF ECU,
POSTEFCU,
SPEC AUTO PL,
TLC COMM CU,
CATH COMM CU,
HOMETRUST BK,
SYNCBHOWRDS,
ALEGRIAAUTO,
PIONEERLON,
KY EMP CU,
DRY GOODS,
SYNCBDOCK86,
SYNCBTILESH,
CATHSOANB,
AESUFSB SPV,
HYACCPTCMPNY,
FIRSTFINBNK,
WIREGRAS FCU,
HEADLAND NTL,
WHITE SANDS,
GULF CST FCU,
CCATCU,
AAECCU,
PORSCHE FINL,
UNV KENTU ED,
HOLY ROSARY,
CHASTAIN FIN,
BANK OF COMM,
HOMECLICKCOM,
MERRIMAC FCU,
ACSBK OF VA,
AUTOSTAR,
UAA,
FRANDSEN BK,
AESSTULNMKT,
EMERGEFNBO,
AMER CTY BK,
SDTAYLOR,
DEC EARTTH C,
OLD DOMIN ED,
TX STATE BNK,
AMRCACU,
EMESSMGMT,
LEHIGH CODRS,
NEWHZNAL,
HONOR CU,
KALSEE EP CU,
FIRST ST BNK,
GTR CHGO FIN,
FAM ADV FCU,
SP TEACHERCU,
COMM BK  T,
5 STAR FCU,
SYNCBSHAWFI,
QCK LN CBNA,
SALAL CU,
IROQ FMR ST,
ARSENAL CU,
ALTAVISTA CU,
INLAND VALLY,
DRIVE  SAVE,
RKRESIDENCE,
VELOCITYCMCU,
STERLING FED,
CLINTON N BK,
AMERICAN BAN,
UNV OF CINIT,
FRMR ST BK,
RIHMFCLSC,
OWEN CO STBK,
FESTIVA RSRT,
WITHERSPOON,
FST FED SAVG,
NRTHSTAR SYS,
CHIPHONE FCU,
CITY CTY CU,
TTL FIN AC,
ACSWELLSFRG,
ORRSTOWN BK,
LOYOLA UNV,
SYNCBALVINS,
FIFTHTHLEASE,
BELLCO CU,
RENASANT BNK,
3 RIVERS FCU,
WESTFIELDBNK,
HOME FED SVG,
CENTERNATBK,
BANK MIDWST,
CITIZEN BK,
SOLARENERGY,
CITZ NAT SO,
UNITED CRED,
GATESCHILICU,
E TX PROF CU,
CARODPROP,
IWC INC,
CAP MG SV TX,
CNAC MI112,
CENTRL MO ST,
SEC STATE BK,
RAFE FCU,
NATIONALMORT,
SYNCBMFF DC,
SYNCBMILLSF,
PRESTO AUTO,
ALL STUDENT,
A ADVNTG AUT,
DRIVERS CHO,
NEW MADRID,
CHACO C U,
TDRCDFRSPGR,
INTERLINC,
THIEL COLLGE,
TRUGROCER,
UMB QUIKTRIP,
CITY NTL BK,
SYNCBBRNDMC,
DOW CHEM CU,
LK MICH FIN,
CENTEX C CU,
FNB PONTOTOC,
ANB FIN,
REVMONYFBT,
EMBRACE HOME,
CBMEDCHPR,
CITZNS FMRS,
1ST MS FCU,
ST JOSEPH ED,
OLDHICKORYCU,
P L U,
WASH FED SVG,
KUBRMGT,
FREMONT 1ST,
FARMERS  ME,
PLACER CO,
TOP FIN CO,
TROYBKTRUSTC,
ARMY AVTN MC,
WHARTON TEAC,
PEAK ACCEPT,
TX GULF FCU,
GWINNETT FCU,
AMEGY BANKTX,
TX FIRST NTL,
VORHEES C ED,
DELCO POSTAL,
NRTHRN MI BK,
TRUNORTH FCU,
TDRCYARDCAR,
JACKSON AUTO,
FAIRFLDCTYBK,
FIRST CREDIT,
FIRSTMARK CU,
VILANOVA UNI,
REGIONSGSLNS,
NATIONAL BNK,
DRIVEWAYCAP,
PAC CRST FCU,
SELCO CU,
MISOULA FCU,
FREEDOM AUTO,
MERCANTILE B,
CBMEDCHOI,
HAROLDS FINL,
CLCRPGLELSI,
CAROLINA TEL,
UWHARRIEBK,
SYNCBHDSNGN,
PARK NATIONL,
SYNCBFINGRF,
FST BK CONRO,
THINK FCU,
SLMBLND FURN,
FINL PLUS CU,
RIA FCU,
MILLIKEN UNV,
POP GROVE BK,
YORK CTY FCU,
DPT HUMAN SV,
ABLEAUTO FIN,
G M POLLACK,
SIOUXFEDCU,
FSTMILGLHEC,
SO COAST FCU,
NASSAU ED CU,
UNIV MIAMI,
SYNCBRITZ,
FCB BANK,
CAP1BOSE,
CROSS VAL CU,
METRO CU,
FREEDOM BK,
RGNSBKMEMPHS,
TAUNTON FCU,
GENESSEE FIN,
ALIGN,
W VISTA FCU,
SYNCBHANKSF,
SUMMIT BANK,
MAINSOURCEBK,
RDLOFTS7800,
EFSLNGLELSI,
HRTLND BNK,
EDULNGLELSI,
GUARANTEE FI,
ORION FINC,
AMER SUZUKI,
TX AUTO CENT,
STRAITS FCU,
DAY AIR CU,
SNOCOPE CU,
SEATTLE METR,
1ST SEC BK,
QUALITY FST,
SOUTHERN,
VSAC,
PACIFIC COMM,
FIRSTAR BANK,
W KY UNIV SL,
BEST FIN CVL,
BEST FIN COL,
GEICO CARD,
COCONUT PNT,
TILDEN BANK,
PINNACLE BNK,
STANTON STBK,
FRONTIER BK,
TWIN CITY,
FIN SVC THIB,
SHARNVW FCU,
PINNACLE CU,
MARKET ST MG,
BLUEEAGLE CU,
KEY BANK NW,
ELEVATION CU,
IA COLL COMM,
MNTGMERY FNB,
UT FED CU,
FRIENDLYLOAN,
ADAMS NTL BK,
AUTO CAP RES,
LOU FUSZ MOT,
HRZN ONE FCU,
FIRSTRGLHEC,
BREMER BANK,
BK ALTAVISTA,
FAM BUTTE CO,
REALTYMTG,
POPULAR FINA,
UNTDSAFCU,
ISU FCU,
CD AUTO SALE,
GREN RVR FCU,
FIELD  MAIN,
PC FINANCE,
BK HENDERSON,
RCS MTG,
AAC CU,
VALLEY FCU,
WESTERN SECU,
LA FIN CU,
INFINITI FIN,
ALLEGIUS FCU,
PRIRESMTG,
DEARDENS,
PARTNERS 1ST,
CNAC  NM101,
JIM BROWN A,
AESWESTMORE,
SYNCBMARLO,
ACSFMC,
CREDIT KING,
BRIDGECU,
LANC RED RSE,
BK OF LN CTY,
FNB HOLCOMB,
CP MACDONALD,
ORIENTAL BT,
HAMPDEN SAV,
WOODSTONE CU,
ALLY BANK,
FULTON BANK,
TRANSIT EFCU,
ED 1ST FCU,
SYNCBVANNS,
NWMT,
HENRY CTY BK,
STATE BK DEF,
BIGG DEALS,
SUNTSTGLHEC,
PRO CREDIT,
MTC FCU,
CHICKASHA B,
HI TELP EFCU,
PRINCE KUHIO,
HI TEL FCU,
CNAC  OH122,
KING OF CRDT,
SYNCBKLNSLP,
ST ANNES CU,
COLBY SAWYER,
DUKE UFCU,
FIRST SOU BK,
AOD FCU,
USBANKBHEA,
HFHMF,
HFH OF GREEN,
GVL FCU,
RIVERVIEW SA,
PAACO,
BK OF OAKFLD,
MRSHLND  FCU,
RANDOLPH  ED,
RADFORD U ED,
U MONTEVA ED,
CNAC  TX117,
LEGACY AU,
AUTO FIN WY,
MENOMINEE CU,
NETWRK DRCT,
BRIDGEWAYFED,
AM PCFC MTG,
ALLEGACY FCU,
ENVOY MTG,
OKLA CENTRAL,
SYRACUSE FCU,
CORTLAND FCU,
TDRCFURN 1S,
TCHSTNE OGDN,
QUICKLOAN,
PRIMEAUTOFIN,
AES BONY US,
INTLHOM PROD,
FED COM CU,
INTEGRITYFBK,
DGFCU,
CARIB FED CU,
ISLANDFIN,
MUEB RADIOCE,
WICHITA FCU,
MERITRUST CU,
SUNFLOWER BK,
1ST FAMILY,
ANDERSON FCU,
FNB DIETERCH,
NORTH CTY SB,
FSB RED BUD,
SERV 1ST FCU,
HOME SAVINGS,
AESCLGE SVG,
NATCTGLELSI,
NCOLTGLELSI,
AU INV NEOSH,
CITIZENS SAV,
CITIZENS,
VANDRBLT UNV,
SO DAKOTA ST,
SXECUGLELSI,
COMMUNITY FI,
STCKMANBKMT,
EMPOWER CU,
AUGSTNA CLGE,
WASATCH MTR,
FST TRST SAV,
OLD NTL BK,
UNIV UTAH CU,
MT AMER CU,
SANDY VALLEY,
MTVERNONBK,
PKS HRTG FCU,
GAINSVLFNSVC,
MAINSTRTFINA,
DR NOWAUTOCR,
PB AUTO,
ED EMP CU FW,
WAYNE COUNTY,
FORUM FINANC,
CNAC  OH114,
MERHO FCU,
WASH FIN BNK,
FMILY SEC CU,
GLBLLOANS,
STANDARD BK,
TECH CU,
RURL COOP CU,
PNC CARD,
ACS700212,
SANTA CRUZ,
GRTSTHRNBK,
UHEAAAMR1CU,
USCGCCU,
MON BK  TR,
AESNELN,
BAYLAKE BK,
RPBLC LOANTX,
FREEDOMPLUS,
PT LOMA CU,
TX FST ST BK,
1STFINBANK,
REGIONSTHDLN,
SONEPCO FCU,
OH NTHN UNIV,
MORHEAD FIN,
SYNCBBRGSTR,
FORT FIN CU,
COURTESY AUT,
TFP INTL,
HARRISON HAM,
FST CONS FIN,
HOUSTON CB,
ENDURA CU,
CAPEX,
EASY ACCEPT,
POST OAK BK,
CFNAJFUR,
CALIFCOMM CU,
SW AUTO FIN,
CHAMPION CU,
JETSTREAM CU,
SENECA MTG,
SYNCBASHCTY,
MIDTWN MOTOR,
PRIMARY CAP,
RTP FCU,
GR STHRN BK,
53 BANKCLC,
MUEB RIVERA,
MGSLP,
CNAC  AZ103,
PINAL CTY CU,
MERIWEST CU,
CBCRESJWL,
MARLOS JWLR,
UNITEDCOMMBK,
FIRS SEC CU,
LIBERTY BANK,
MANITOGLHEC,
SYNCBCARX,
UNITEDONE CU,
EP FCU,
ELEC PWR BD,
BELEN RLWY C,
CARYPOV FCU,
AUTONOW,
SUSSEX CFCU,
SSTCOMPLEX,
PENNSTAR BK,
STATE EMP CU,
TRUSTONE FIN,
FIDELITY SVG,
FBD CLEAR,
VALLEYLOAN,
LIBERTY FIN,
CLGLNCOGLHE,
BPVISA,
TMOBILE,
RELIABLEAUTO,
MUEB BERRIOS,
BANNERBANK,
MORGAN BK,
INTEGRA BANK,
SYNCBMODIA,
EVOLVE BANK,
IBERIA BANK,
VERITAS AUTO,
US EMPL CU,
MCT CU,
LAPORTE FCU,
CAL ST EFCU,
PENN AST TEC,
RAYMOUR FLA,
DAEMEN COL,
MS DHS FCU,
REPUBLIC BK,
NATWIDE CASS,
LUCKMORE FNC,
ADVPLUSINFCU,
TRI CTY NTL,
CENTRAL NTL,
KEARNEY FCU,
CTRLBK OZARK,
1ST ADVANT,
SYNCBARIENS,
O BEE CU,
WHITAKER BK,
GIFFORD ST,
PNCLE FIN GP,
THUNDERBIRD,
PLAZA FINANC,
OAKLND CTY C,
OAKLND CNTY,
PARAMOUNT,
LEX AVE FCU,
MEMBRS CHCE,
WOOD HOUS BK,
XLS,
MATTRESS WH,
EXCELFINANCE,
STUDENT LN,
ACSSOUTHTEX,
PLAINSCAPITA,
FNB EDINBURG,
CNAC  VA103,
SYNCBKAUFFM,
FRKSYNRGYBNK,
MONEY EXPRES,
SANTANDERFIN,
BPPERSUN,
ISU STD LOAN,
TECHE FED BK,
ALLIANCE FCU,
NH FCU,
OCEAN BANK,
EASTERN CAP,
MTG CLEAR IN,
COMM FIN PRY,
CBBEDFAIR,
CAP1KMART,
HARDIN CNTY,
SANDIA AREA,
TMPA PST FCU,
ACME FINANCE,
NCCU ED,
AESEDFUNDCA,
BR AUTO,
RELIABANK,
SPLASH CARD,
CONFINSOL,
SYNCBJUSTBR,
BK DESOTO,
TARANT CTY E,
GEM CARS,
COASTLIN FCU,
KODABANK,
PATHWAYS CU,
ALLIED CU,
ORNL FED CU,
NEWALLIANCE,
HSBC MOTOR,
KLEIN BANK,
UW PARKSIDE,
KONDAUR CAP,
LOAN STAR FI,
B A E CU,
MOVEN UP IN,
RD MTN FUNDG,
CONSERV ECU,
GATEWAY ONE,
HATTIESBG FN,
IBERBKMORTGA,
AESMHEAC,
AM NATL BK,
HAMLINE UNIV,
1ST BANK,
UT POWER ECU,
DLLFINANCE,
WCDA MTGES,
FST BNK  TR,
AESLSL TRUS,
BMO MIHLS,
SSTMEDALLIO,
PIEDMONT ADV,
TDRCPET COM,
1ST FIN CU,
LINCOLNPKSAV,
LINCOLN PARK,
CNAC  LA105,
BENEDICTI ED,
SYNCBCASUAL,
TDRCTEMPPE,
CTX MORTGAGE,
VALLEY CR UN,
SOUTHCHAUFCU,
INNERLAKE CU,
SUFFOLK,
COMFIRSTCRUN,
MISISIPI FCU,
CROWN MTG,
ENCOMPASS CU,
DESTINATN CU,
HLTHCARE CU,
AMERFINOFLEX,
FA CHTRA CSA,
NTL BK INDY,
CAR FARM CRE,
REGIONS BK,
ALABAMACRED,
DELTA STATE,
FINSRGLELSI,
EVANS NTL BC,
CCDFS,
RBC BANK USA,
FRSTFLBK,
CCBDWOLLA,
CBCLMEMR,
HLTH CRE CU,
MIDWBANKCENT,
STERLING BK,
EVITAFINANCE,
CORNELL STLN,
INDUSTRIALCU,
WISE FINANCE,
CALDWELLBK,
CTZN PROG BK,
KENNEBEC SVG,
ACSWASHNGTN,
WASHINGTON T,
SYNCBMILEMR,
BAY GULF FCU,
CREDIT INVST,
TDRCGLMR SH,
ASTRA BANK,
FRANKLIN BK,
NEIGHHSENY,
EVANTEACHFCU,
MCMAHANS FUR,
CSCBBT,
SAFE 1 CU,
FIRST ROB SB,
AMALGMTD TR,
MINT LEASING,
CLRKSVILLE F,
SERV U CU,
PRIORITY FCU,
AMERICAN HER,
SYNCBBARGIN,
AFRDBLE AUTO,
HFCTA,
AR HEALTHPRO,
CYFAIR FCU,
METRO LL,
SOUTXACCEPT,
HONESDALE NB,
ROCKY MT MTG,
REGFINNM,
PLAZA LOAN,
AESCITZ BK,
HSBCNEIMN,
CITIBK MCBC,
UNITY 1 FCU,
SOU NEW HAM,
PAPER CITY,
ASSOC CARD,
PIONEERBK,
CFSIHHLD,
CCBTAYRENT,
CES CU,
LIFETIME CU,
FIRSTAMER CU,
BBT RCVRY,
WAYS TO WORK,
ROBTSON BK,
FFLGACU,
LA CAPTL FCU,
AMSSGTIFFI,
SUN CTR CU,
REDWOOD C U,
SECURITYBKKC,
SEDONA PINES,
CHRISTIANCCU,
WASH ST,
SANTEECOOPER,
FIRST COMMBK,
AES HSBC,
HANCOCK FCU,
LIBERTY CRED,
LAUNCHFCU,
FL DIST 3 CU,
SECSTBKLWSTN,
ADMCU,
BEACH MNCPL,
WEST MICH UN,
MARATHON MTG,
SOMERSET TR,
ORION FCU,
CHOICEFIN AU,
ROCHESTER IN,
SYNCBPREMRJ,
RRRESIDENCE,
CNACIL123,
CRBTHD,
AESKNOW FND,
MBRS FST CU,
LIBERTY NTL,
FST FED COM,
PAUL SMIT ED,
FNB ARDMORE,
EATON FAM CU,
GREATLAKESCU,
STANFRDFCU,
GRTR BAY BK,
SWBC MORT CO,
NATIONWIDEBK,
TRI COUNTIES,
MAC FCU,
LASIERRA U,
COLONY BK,
BLOOM BANK,
UNIV OF MS,
SO COMMER BK,
TRIRIVERSFCU,
MA COLL P ED,
D EVANS MBUR,
HSBC,
CIS FIN SVCS,
FORCHT BANK,
ALLEGIANCE C,
FST FARMERS,
BROWNSAUTO,
COLONIALBANK,
CHAR POST CU,
FBDCCS,
SMARTWAYAUTO,
UGI CORP,
UNIV MINN,
WESTBY CR UN,
ATEAM AU,
AESAUA,
VA NAT BNK,
COMMTY BK,
SYNCBKAWASA,
CNACMO106,
N CENTRAL CU,
PINELLAS FCU,
CU OF SO CAL,
FST NWENG CU,
HOLLINS UNIV,
ACHIEVE FINC,
FIRST GA BK,
LENDER LIVE,
COLUMBUSBT,
KIRTLAND FED,
SANTO CHR CU,
WELL FARG BK,
DEALER FINAN,
DIME BANK,
UNICO BK,
MR BILL AU,
TUCOEMAS CU,
CAP1BERGD,
MICOASTALCU,
PTCITY FCU,
FAMILY FINCL,
AMERICAS CU,
CU OF OHIO,
COLMETRO,
GHS FCU,
CBREDICARD,
CCBGOLDVLN,
RED RIVER BK,
FRSTMUNION,
APP ST UNIV,
CTFCUVS,
BOSSIER FCU,
BHEGLHEC,
DIXIESFCU,
ALLIANCE CU,
BK OF SULLIV,
CLASSNOTES,
RI CU,
R BAKER MTRS,
STBK CRSPLNS,
EXPRESS AUTO,
HASTINGS CIT,
EDSOUTGLHEC,
COLDERS,
ACSGRTR TEX,
UP2DRIVE,
ALABAMALAWCU,
N SEATTLE CC,
STH GA BANK,
PARISH NT BK,
REGAL LOAN,
SYNCBROBBNS,
LANDINGSCRDT,
REFUGIO FCU,
SYNCBPRONTO,
NEWCREDITAM,
MEINEKE DISC,
MCKENDREE ED,
TRUSRV COMM,
SIENA COL ED,
SYNCBHMBASS,
SERV CREDIT,
FRST CHO FCU,
ISLAND FCU,
PLATINUMAUTF,
1ST SUMMIT,
EASY AUTO,
WALDEN SV BK,
KAPIOLANI ED,
UNV HAW FCU,
UNIV HI FCU,
ST TAM FCU,
GARZ FIN LLC,
CAP FIN CO,
SUN LOAN3,
CEN VY CM BK,
BERKLEE COLL,
GC IV LLC,
ENGPR FCU,
SYNCBMOHAWF,
CANNON FCU,
CPMFDECU,
MCD SCH CU,
RICE UNIV,
U OF TEXAS,
FT WORTH CU,
FSSBSTFINCP,
AESHONESDAL,
UNV LOUISVIL,
TDRCDOITBES,
MTN CREST CU,
AUTO SNAP FI,
CTRL BK MW,
PONY EXP CB,
CORNRSTNE CU,
FRANKLIN PIE,
NE COMM CU,
PRNTO PRSTMS,
SIR FCU,
SSTGSWHLN,
BFG FCU,
KEYCPGLELSI,
PEPCO FCU,
GSANATCU,
CITY CNTY CU,
MARSH MED CU,
FALL CATH CU,
UNIT COMM,
SALLIEGLHEC,
CHLD SUPPORT,
FSTNB SCOTIA,
HGHTS AUT CU,
G MAY  SONS,
COMMFINSVCS,
ACE FIN  UT,
MERCED CO,
SEC FEDL SVG,
LOLOSUMMER,
DUPONT ECU,
COMM TR CU,
AL TEACHERS,
AUTOJAX FIN,
RIVERSIDE CU,
PREFERRED AU,
1ST INTERNET,
CARTER FCU,
SYNCBASHLEY,
BLMNT FEDRAL,
CHAR SCHW BK,
RHODES CO ED,
RCKYMTNCU,
NORTHWAY BK,
WOLFRIVER BK,
LEAP AUTO,
ACSACADEMIC,
CCBBALRD,
CCBZALES,
SAN TAN CU,
CIT COMMU CU,
USU CHAR FCU,
FST GENRL CU,
COMM FIRST,
ILLINI BK,
DELONE FCU,
UTAH HOUSING,
PEOPLES CRED,
COMM LENDERS,
CASCADE CU,
SYNCBAUTO,
NRTHEST LOAN,
ADVNTG PLUS,
CIT FINC COL,
BANKPLUS SSB,
FRMR BK GRNW,
MM AUTO,
MEMBERS CCU,
DSRT VLY FCU,
PATRIOTS FCU,
TUSCON FCU,
FRONTIER FIN,
UNIV WYOMING,
DUPACO CU,
SENIC FALLS,
ACE FIN IDF,
EDU CUGLHEC,
GRN CAP FIN,
UNITED C BNK,
HOMETOWN BK,
ISM,
KANSAS STUNV,
RSMNSCBNA,
MONTBYSOA,
CTZ  BK CUMB,
MRCHNTS WIN,
TOPMARKFCU,
E FCU,
LIB CARD SER,
EDFIN UFCU,
DRIVE CBNA,
ATLAN CTY CU,
APOYO FINANC,
PREMIUM AUTO,
INDEPENDT BK,
CAP1MITSU,
SYNCBJACDIA,
DEL NORTE CU,
AESELT ZION,
FST BK FNCL,
AK USA FCU,
SIGNATUREFIN,
EAST WEST BK,
SYNCBTUFFY,
RESURGENT,
COMM FINANCL,
WTXNATLBK,
SECURITY NB,
NOTBOHM MOTR,
GATEWAY MORT,
SYNCBSYNCBC,
NEWBRIDGE BK,
TAPCO CR UN,
TELCOE FCU,
EL DORADO,
RESMAE MTG,
POPA FCU,
JUDSON UNVTY,
JSUNDSL,
BRESCIA COLL,
ABC EMP CU,
ABE CREDT UN,
HUD TITLE I,
FTHTHRGLHEC,